Unnamed: 0,DATE TIME (UTC),MMSI,LATITUDE,LONGITUDE,COURSE,SPEED,HEADING,NAVSTAT,IMO,NAME,CALLSIGN,AISTYPE,A,B,C,D,DRAUGHT,DESTINATION,ETA,tripID
147058,2023-06-27 08:05:12,211833390,53.93982,10.86262,17.5,0.4,28,0,9865685,NILS HOLGERSSON,DKLZ2,70,49,180,24,7,6.0,DE RSK,06-27 11:15,1
147063,2023-06-27 08:10:13,211833390,53.94483,10.86208,344.7,6.8,341,0,9865685,NILS HOLGERSSON,DKLZ2,70,49,180,24,7,6.0,DE RSK,06-27 11:15,1
147068,2023-06-27 08:15:14,211833390,53.95425,10.86729,49.8,7.5,48,0,9865685,NILS HOLGERSSON,DKLZ2,70,49,180,24,7,6.0,DE RSK,06-27 11:15,1
147072,2023-06-27 08:20:13,211833390,53.95932,10.88208,71.1,7.6,71,0,9865685,NILS HOLGERSSON,DKLZ2,70,49,180,24,7,6.0,DE RSK,06-27 11:15,1
147077,2023-06-27 08:25:13,211833390,53.96695,10.89855,36.2,12.5,34,0,9865685,NILS HOLGERSSON,DKLZ2,70,49,180,24,7,6.0,DE RSK,06-27 11:15,1
147084,2023-06-27 08:30:19,211833390,53.98454,10.92349,55.3,19.2,55,0,9865685,NILS HOLGERSSON,DKLZ2,70,49,180,24,7,6.0,DE RSK,06-27 11:15,1
147087,2023-06-27 08:35:19,211833390,54.00023,10.9632,56.0,21.2,54,0,9865685,NILS HOLGERSSON,DKLZ2,70,49,180,24,7,6.0,DE RSK,06-27 11:15,1
147093,2023-06-27 08:40:19,211833390,54.01678,11.00516,56.2,21.5,55,0,9865685,NILS HOLGERSSON,DKLZ2,70,49,180,24,7,6.0,DE RSK,06-27 11:15,1
147099,2023-06-27 08:45:20,211833390,54.03328,11.04827,57.0,21.8,55,0,9865685,NILS HOLGERSSON,DKLZ2,70,49,180,24,7,6.0,DE RSK,06-27 11:15,1
147102,2023-06-27 08:50:20,211833390,54.04988,11.092,57.0,22.1,55,0,9865685,NILS HOLGERSSON,DKLZ2,70,49,180,24,7,6.0,DE RSK,06-27 11:15,1
147110,2023-06-27 08:55:26,211833390,54.06654,11.13656,58.7,21.8,57,0,9865685,NILS HOLGERSSON,DKLZ2,70,49,180,24,7,6.0,DE RSK,06-27 11:15,1
147113,2023-06-27 09:00:25,211833390,54.08208,11.18046,58.9,21.7,58,0,9865685,NILS HOLGERSSON,DKLZ2,70,49,180,24,7,6.0,DE RSK,06-27 11:15,1
147119,2023-06-27 09:05:26,211833390,54.09728,11.22566,60.9,22.0,59,0,9865685,NILS HOLGERSSON,DKLZ2,70,49,180,24,7,6.0,DE RSK,06-27 11:15,1
147122,2023-06-27 09:10:20,211833390,54.11224,11.2688,56.2,21.5,54,0,9865685,NILS HOLGERSSON,DKLZ2,70,49,180,24,7,6.0,DE RSK,06-27 11:15,1
147128,2023-06-27 09:15:25,211833390,54.12904,11.31131,56.0,21.4,55,0,9865685,NILS HOLGERSSON,DKLZ2,70,49,180,24,7,6.0,DE RSK,06-27 11:15,1
147135,2023-06-27 09:20:32,211833390,54.14439,11.35609,65.9,21.7,64,0,9865685,NILS HOLGERSSON,DKLZ2,70,49,180,24,7,6.0,DE RSK,06-27 11:15,1
147140,2023-06-27 09:25:31,211833390,54.15664,11.40287,67.0,21.7,66,0,9865685,NILS HOLGERSSON,DKLZ2,70,49,180,24,7,6.0,DE RSK,06-27 11:15,1
147145,2023-06-27 09:30:32,211833390,54.16833,11.45015,67.8,21.6,67,0,9865685,NILS HOLGERSSON,DKLZ2,70,49,180,24,7,6.0,DE RSK,06-27 11:15,1
147150,2023-06-27 09:35:31,211833390,54.17965,11.49724,67.8,21.5,67,0,9865685,NILS HOLGERSSON,DKLZ2,70,49,180,24,7,6.0,DE RSK,06-27 11:15,1
147153,2023-06-27 09:40:31,211833390,54.19083,11.5441,67.9,21.5,67,0,9865685,NILS HOLGERSSON,DKLZ2,70,49,180,24,7,6.0,DE RSK,06-27 11:15,1
147158,2023-06-27 09:45:31,211833390,54.2022,11.59149,67.5,21.4,66,0,9865685,NILS HOLGERSSON,DKLZ2,70,49,180,24,7,6.0,DE RSK,06-27 11:15,1
147163,2023-06-27 09:50:31,211833390,54.21086,11.64059,78.9,21.9,77,0,9865685,NILS HOLGERSSON,DKLZ2,70,49,180,24,7,6.0,DE RSK,06-27 11:15,1
147168,2023-06-27 09:55:31,211833390,54.21665,11.69164,79.4,21.9,77,0,9865685,NILS HOLGERSSON,DKLZ2,70,49,180,24,7,6.0,DE RSK,06-27 11:15,1
147171,2023-06-27 10:00:21,211833390,54.22192,11.74084,79.6,21.8,78,0,9865685,NILS HOLGERSSON,DKLZ2,70,49,180,24,7,6.0,DE RSK,06-27 11:15,1
147179,2023-06-27 10:05:38,211833390,54.2279,11.79462,79.6,21.7,77,0,9865685,NILS HOLGERSSON,DKLZ2,70,49,180,24,7,6.0,DE RSK,06-27 11:15,1
147184,2023-06-27 10:10:37,211833390,54.23335,11.84441,79.6,21.2,78,0,9865685,NILS HOLGERSSON,DKLZ2,70,49,180,24,7,6.0,DE RSK,06-27 11:15,1
147189,2023-06-27 10:15:38,211833390,54.23869,11.89377,81.1,20.8,79,0,9865685,NILS HOLGERSSON,DKLZ2,70,49,180,24,7,6.0,DE RSK,06-27 11:15,1
147193,2023-06-27 10:20:38,211833390,54.2422,11.9425,83.8,20.5,82,0,9865685,NILS HOLGERSSON,DKLZ2,70,49,180,24,7,6.0,DE RSK,06-27 11:15,1
147196,2023-06-27 10:25:37,211833390,54.24306,11.99077,98.8,20.4,98,0,9865685,NILS HOLGERSSON,DKLZ2,70,49,180,24,7,6.0,DE RSK,06-27 11:15,1
147202,2023-06-27 10:30:38,211833390,54.22907,12.0307,128.4,19.3,128,0,9865685,NILS HOLGERSSON,DKLZ2,70,49,180,24,7,6.0,DE RSK,06-27 11:15,1
147209,2023-06-27 10:35:44,211833390,54.21757,12.07143,141.3,15.9,143,0,9865685,NILS HOLGERSSON,DKLZ2,70,49,180,24,7,6.0,DE RSK,06-27 11:15,1
147214,2023-06-27 10:40:44,211833390,54.19939,12.08183,162.4,12.3,164,0,9865685,NILS HOLGERSSON,DKLZ2,70,49,180,24,7,6.0,DE RSK,06-27 11:15,1
147216,2023-06-27 10:45:45,211833390,54.18816,12.08855,159.5,6.4,167,0,9865685,NILS HOLGERSSON,DKLZ2,70,49,180,24,7,6.0,DE RSK,06-27 11:15,1
147223,2023-06-27 10:50:45,211833390,54.17904,12.09336,161.6,6.7,163,0,9865685,NILS HOLGERSSON,DKLZ2,70,49,180,24,7,6.0,DE RSK,06-27 11:15,1
147227,2023-06-27 10:55:45,211833390,54.17021,12.09833,160.5,6.8,163,0,9865685,NILS HOLGERSSON,DKLZ2,70,49,180,24,7,6.0,DE RSK,06-27 11:15,1
147231,2023-06-27 11:00:48,211833390,54.16107,12.10303,178.9,6.4,184,0,9865685,NILS HOLGERSSON,DKLZ2,70,49,180,24,7,6.0,DE RSK,06-27 11:15,1
147237,2023-06-27 11:05:45,211833390,54.15558,12.1004,200.0,2.2,221,0,9865685,NILS HOLGERSSON,DKLZ2,70,49,180,24,7,6.0,DE RSK,06-27 11:15,1
147243,2023-06-27 11:10:52,211833390,54.15539,12.10096,110.5,1.0,344,0,9865685,NILS HOLGERSSON,DKLZ2,70,49,180,24,7,6.0,DE RSK,06-27 11:15,1
147247,2023-06-27 11:15:46,211833390,54.15206,12.10223,197.3,2.1,357,0,9865685,NILS HOLGERSSON,DKLZ2,70,49,180,24,7,6.0,DE RSK,06-27 11:15,1
147251,2023-06-27 11:20:46,211833390,54.15097,12.10169,167.3,0.0,352,0,9865685,NILS HOLGERSSON,DKLZ2,70,49,180,24,7,6.0,DE RSK,06-27 11:15,1
148442,2023-06-28 07:23:59,211833390,53.94038,10.8635,27.9,3.2,27,0,9865685,NILS HOLGERSSON,DKLZ2,70,49,180,24,7,6.0,DERSK,06-28 11:15,2
148447,2023-06-28 07:29:01,211833390,53.94794,10.8616,0.8,7.9,358,0,9865685,NILS HOLGERSSON,DKLZ2,70,49,180,24,7,6.0,DERSK,06-28 11:15,2
148452,2023-06-28 07:34:01,211833390,53.95608,10.87134,51.8,7.3,49,0,9865685,NILS HOLGERSSON,DKLZ2,70,49,180,24,7,6.0,DERSK,06-28 11:15,2
148458,2023-06-28 07:39:03,211833390,53.96049,10.88755,61.4,7.6,60,0,9865685,NILS HOLGERSSON,DKLZ2,70,49,180,24,7,6.0,DERSK,06-28 11:15,2
148462,2023-06-28 07:44:01,211833390,53.97103,10.90387,36.2,13.6,34,0,9865685,NILS HOLGERSSON,DKLZ2,70,49,180,24,7,6.0,DERSK,06-28 11:15,2
148468,2023-06-28 07:49:06,211833390,53.98755,10.92812,54.3,16.8,54,0,9865685,NILS HOLGERSSON,DKLZ2,70,49,180,24,7,6.0,DERSK,06-28 11:15,2
148473,2023-06-28 07:54:06,211833390,54.00142,10.96227,55.7,17.9,53,0,9865685,NILS HOLGERSSON,DKLZ2,70,49,180,24,7,6.0,DERSK,06-28 11:15,2
148477,2023-06-28 07:59:06,211833390,54.01447,10.99893,58.6,18.3,57,0,9865685,NILS HOLGERSSON,DKLZ2,70,49,180,24,7,6.0,DERSK,06-28 11:15,2
148481,2023-06-28 08:04:06,211833390,54.02766,11.03557,58.4,18.2,57,0,9865685,NILS HOLGERSSON,DKLZ2,70,49,180,24,7,6.0,DERSK,06-28 11:15,2
148486,2023-06-28 08:09:06,211833390,54.04092,11.07219,58.7,18.4,57,0,9865685,NILS HOLGERSSON,DKLZ2,70,49,180,24,7,6.0,DERSK,06-28 11:15,2
148490,2023-06-28 08:14:00,211833390,54.05449,11.1079,56.7,18.3,55,0,9865685,NILS HOLGERSSON,DKLZ2,70,49,180,24,7,6.0,DERSK,06-28 11:15,2
148497,2023-06-28 08:19:12,211833390,54.06917,11.14563,56.7,18.3,54,0,9865685,NILS HOLGERSSON,DKLZ2,70,49,180,24,7,6.0,DERSK,06-28 11:15,2
148503,2023-06-28 08:24:13,211833390,54.08299,11.18169,56.8,18.2,55,0,9865685,NILS HOLGERSSON,DKLZ2,70,49,180,24,7,6.0,DERSK,06-28 11:15,2
148507,2023-06-28 08:29:13,211833390,54.09688,11.21795,57.0,18.4,54,0,9865685,NILS HOLGERSSON,DKLZ2,70,49,180,24,7,6.0,DERSK,06-28 11:15,2
148513,2023-06-28 08:34:13,211833390,54.11078,11.25441,57.0,18.3,55,0,9865685,NILS HOLGERSSON,DKLZ2,70,49,180,24,7,6.0,DERSK,06-28 11:15,2
148517,2023-06-28 08:39:12,211833390,54.12461,11.29051,56.7,18.1,55,0,9865685,NILS HOLGERSSON,DKLZ2,70,49,180,24,7,6.0,DERSK,06-28 11:15,2
148523,2023-06-28 08:44:13,211833390,54.13605,11.32848,66.4,18.1,64,0,9865685,NILS HOLGERSSON,DKLZ2,70,49,180,24,7,6.0,DERSK,06-28 11:15,2
148525,2023-06-28 08:49:13,211833390,54.14606,11.36776,66.3,18.1,65,0,9865685,NILS HOLGERSSON,DKLZ2,70,49,180,24,7,6.0,DERSK,06-28 11:15,2
148531,2023-06-28 08:54:13,211833390,54.15617,11.40712,66.5,18.2,65,0,9865685,NILS HOLGERSSON,DKLZ2,70,49,180,24,7,6.0,DERSK,06-28 11:15,2
148537,2023-06-28 08:59:18,211833390,54.16629,11.44751,67.1,18.2,64,0,9865685,NILS HOLGERSSON,DKLZ2,70,49,180,24,7,6.0,DERSK,06-28 11:15,2
148542,2023-06-28 09:04:18,211833390,54.17598,11.48719,67.4,18.1,65,0,9865685,NILS HOLGERSSON,DKLZ2,70,49,180,24,7,6.0,DERSK,06-28 11:15,2
148547,2023-06-28 09:09:12,211833390,54.18548,11.52622,67.5,18.2,65,0,9865685,NILS HOLGERSSON,DKLZ2,70,49,180,24,7,6.0,DERSK,06-28 11:15,2
148553,2023-06-28 09:14:25,211833390,54.19564,11.56769,67.3,18.3,65,0,9865685,NILS HOLGERSSON,DKLZ2,70,49,180,24,7,6.0,DERSK,06-28 11:15,2
148556,2023-06-28 09:19:25,211833390,54.20455,11.60795,71.7,18.3,69,0,9865685,NILS HOLGERSSON,DKLZ2,70,49,180,24,7,6.0,DERSK,06-28 11:15,2
148561,2023-06-28 09:24:18,211833390,54.21099,11.64913,78.0,18.5,76,0,9865685,NILS HOLGERSSON,DKLZ2,70,49,180,24,7,6.0,DERSK,06-28 11:15,2
148566,2023-06-28 09:29:18,211833390,54.21619,11.69199,78.4,18.6,77,0,9865685,NILS HOLGERSSON,DKLZ2,70,49,180,24,7,6.0,DERSK,06-28 11:15,2
148573,2023-06-28 09:34:18,211833390,54.22151,11.73518,78.1,18.6,77,0,9865685,NILS HOLGERSSON,DKLZ2,70,49,180,24,7,6.0,DERSK,06-28 11:15,2
148579,2023-06-28 09:39:30,211833390,54.22699,11.77988,78.2,18.4,76,0,9865685,NILS HOLGERSSON,DKLZ2,70,49,180,24,7,6.0,DERSK,06-28 11:15,2
148585,2023-06-28 09:44:30,211833390,54.23203,11.82262,78.6,18.3,76,0,9865685,NILS HOLGERSSON,DKLZ2,70,49,180,24,7,6.0,DERSK,06-28 11:15,2
148588,2023-06-28 09:49:31,211833390,54.23695,11.86514,78.6,18.2,76,0,9865685,NILS HOLGERSSON,DKLZ2,70,49,180,24,7,6.0,DERSK,06-28 11:15,2
148593,2023-06-28 09:54:31,211833390,54.23984,11.90771,86.5,18.0,85,0,9865685,NILS HOLGERSSON,DKLZ2,70,49,180,24,7,6.0,DERSK,06-28 11:15,2
148598,2023-06-28 09:59:31,211833390,54.24146,11.95252,86.0,20.0,84,0,9865685,NILS HOLGERSSON,DKLZ2,70,49,180,24,7,6.0,DERSK,06-28 11:15,2
148603,2023-06-28 10:04:31,211833390,54.24099,12.00077,103.4,20.2,103,0,9865685,NILS HOLGERSSON,DKLZ2,70,49,180,24,7,6.0,DERSK,06-28 11:15,2
148608,2023-06-28 10:09:36,211833390,54.22651,12.04055,131.3,19.0,130,0,9865685,NILS HOLGERSSON,DKLZ2,70,49,180,24,7,6.0,DERSK,06-28 11:15,2
148614,2023-06-28 10:14:36,211833390,54.20931,12.07356,138.5,17.7,138,0,9865685,NILS HOLGERSSON,DKLZ2,70,49,180,24,7,6.0,DERSK,06-28 11:15,2
148617,2023-06-28 10:19:36,211833390,54.19123,12.08677,158.6,8.4,160,0,9865685,NILS HOLGERSSON,DKLZ2,70,49,180,24,7,6.0,DERSK,06-28 11:15,2
148620,2023-06-28 10:24:31,211833390,54.18206,12.09185,163.7,6.9,166,0,9865685,NILS HOLGERSSON,DKLZ2,70,49,180,24,7,6.0,DERSK,06-28 11:15,2
148626,2023-06-28 10:29:31,211833390,54.17303,12.09681,161.1,7.2,161,0,9865685,NILS HOLGERSSON,DKLZ2,70,49,180,24,7,6.0,DERSK,06-28 11:15,2
148633,2023-06-28 10:34:41,211833390,54.16384,12.10221,161.8,6.9,162,0,9865685,NILS HOLGERSSON,DKLZ2,70,49,180,24,7,6.0,DERSK,06-28 11:15,2
148634,2023-06-28 10:39:37,211833390,54.15876,12.10444,328.3,1.2,61,0,9865685,NILS HOLGERSSON,DKLZ2,70,49,180,24,7,6.0,DERSK,06-28 11:15,2
148643,2023-06-28 10:44:41,211833390,54.15551,12.10131,180.4,3.5,352,0,9865685,NILS HOLGERSSON,DKLZ2,70,49,180,24,7,6.0,DERSK,06-28 11:15,2
148645,2023-06-28 10:49:40,211833390,54.15159,12.10206,195.8,1.6,357,0,9865685,NILS HOLGERSSON,DKLZ2,70,49,180,24,7,6.0,DERSK,06-28 11:15,2
148651,2023-06-28 10:54:40,211833390,54.15095,12.10171,241.9,0.0,352,0,9865685,NILS HOLGERSSON,DKLZ2,70,49,180,24,7,6.0,DERSK,06-28 11:15,2
156963,2023-07-04 07:43:36,211833390,53.94629,10.86149,348.3,7.4,344,0,9865685,NILS HOLGERSSON,DKLZ2,70,49,180,24,7,6.0,DE ROS,07-04 11:15,3
156965,2023-07-04 07:48:29,211833390,53.9548,10.86843,51.5,7.8,50,0,9865685,NILS HOLGERSSON,DKLZ2,70,49,180,24,7,6.0,DE ROS,07-04 11:15,3
156970,2023-07-04 07:53:30,211833390,53.95982,10.88446,69.5,7.6,69,0,9865685,NILS HOLGERSSON,DKLZ2,70,49,180,24,7,6.0,DE ROS,07-04 11:15,3
156978,2023-07-04 07:58:37,211833390,53.971,10.9036,37.1,15.5,36,0,9865685,NILS HOLGERSSON,DKLZ2,70,49,180,24,7,6.0,DE ROS,07-04 11:15,3
156981,2023-07-04 08:03:37,211833390,53.98893,10.9339,48.1,20.7,47,0,9865685,NILS HOLGERSSON,DKLZ2,70,49,180,24,7,6.0,DE ROS,07-04 11:15,3
156987,2023-07-04 08:08:37,211833390,54.00597,10.9739,57.1,21.1,57,0,9865685,NILS HOLGERSSON,DKLZ2,70,49,180,24,7,6.0,DE ROS,07-04 11:15,3
156991,2023-07-04 08:13:36,211833390,54.02165,11.01595,57.6,21.2,57,0,9865685,NILS HOLGERSSON,DKLZ2,70,49,180,24,7,6.0,DE ROS,07-04 11:15,3
156997,2023-07-04 08:18:42,211833390,54.03768,11.05917,57.8,21.3,57,0,9865685,NILS HOLGERSSON,DKLZ2,70,49,180,24,7,6.0,DE ROS,07-04 11:15,3
157002,2023-07-04 08:23:42,211833390,54.0538,11.10162,56.6,21.4,56,0,9865685,NILS HOLGERSSON,DKLZ2,70,49,180,24,7,6.0,DE ROS,07-04 11:15,3
157006,2023-07-04 08:28:42,211833390,54.07008,11.14389,56.6,21.4,55,0,9865685,NILS HOLGERSSON,DKLZ2,70,49,180,24,7,6.0,DE ROS,07-04 11:15,3
157010,2023-07-04 08:33:36,211833390,54.08604,11.18528,56.7,21.2,56,0,9865685,NILS HOLGERSSON,DKLZ2,70,49,180,24,7,6.0,DE ROS,07-04 11:15,3
157014,2023-07-04 08:38:36,211833390,54.1022,11.22738,56.9,21.2,57,0,9865685,NILS HOLGERSSON,DKLZ2,70,49,180,24,7,6.0,DE ROS,07-04 11:15,3
157019,2023-07-04 08:43:36,211833390,54.11823,11.26917,56.8,21.1,57,0,9865685,NILS HOLGERSSON,DKLZ2,70,49,180,24,7,6.0,DE ROS,07-04 11:15,3
157025,2023-07-04 08:48:42,211833390,54.13396,11.31206,67.5,20.7,69,0,9865685,NILS HOLGERSSON,DKLZ2,70,49,180,24,7,6.0,DE ROS,07-04 11:15,3
157033,2023-07-04 08:53:42,211833390,54.14535,11.35741,66.9,21.1,66,0,9865685,NILS HOLGERSSON,DKLZ2,70,49,180,24,7,6.0,DE ROS,07-04 11:15,3
157037,2023-07-04 08:58:42,211833390,54.15673,11.40325,67.1,21.0,66,0,9865685,NILS HOLGERSSON,DKLZ2,70,49,180,24,7,6.0,DE ROS,07-04 11:15,3
157039,2023-07-04 09:03:37,211833390,54.16785,11.44837,66.9,21.0,65,0,9865685,NILS HOLGERSSON,DKLZ2,70,49,180,24,7,6.0,DE ROS,07-04 11:15,3
157044,2023-07-04 09:08:36,211833390,54.17921,11.49433,67.1,21.2,64,0,9865685,NILS HOLGERSSON,DKLZ2,70,49,180,24,7,6.0,DE ROS,07-04 11:15,3
157050,2023-07-04 09:13:36,211833390,54.19054,11.53974,66.4,20.7,65,0,9865685,NILS HOLGERSSON,DKLZ2,70,49,180,24,7,6.0,DE ROS,07-04 11:15,3
157054,2023-07-04 09:18:36,211833390,54.20164,11.58506,67.6,20.9,68,0,9865685,NILS HOLGERSSON,DKLZ2,70,49,180,24,7,6.0,DE ROS,07-04 11:15,3
157059,2023-07-04 09:23:36,211833390,54.20877,11.63321,77.9,21.1,78,0,9865685,NILS HOLGERSSON,DKLZ2,70,49,180,24,7,6.0,DE ROS,07-04 11:15,3
157064,2023-07-04 09:27:42,211833390,54.214,11.67333,77.6,21.4,77,0,9865685,NILS HOLGERSSON,DKLZ2,70,49,180,24,7,6.0,DE ROS,07-04 11:15,3
157071,2023-07-04 09:33:48,211833390,54.22188,11.73388,77.2,21.6,76,0,9865685,NILS HOLGERSSON,DKLZ2,70,49,180,24,7,6.0,DE ROS,07-04 11:15,3
157076,2023-07-04 09:38:42,211833390,54.22825,11.7829,77.7,21.5,76,0,9865685,NILS HOLGERSSON,DKLZ2,70,49,180,24,7,6.0,DE ROS,07-04 11:15,3
157082,2023-07-04 09:43:48,211833390,54.23493,11.83372,77.0,21.6,76,0,9865685,NILS HOLGERSSON,DKLZ2,70,49,180,24,7,6.0,DE ROS,07-04 11:15,3
157086,2023-07-04 09:48:43,211833390,54.24141,11.88385,77.5,22.2,78,0,9865685,NILS HOLGERSSON,DKLZ2,70,49,180,24,7,6.0,DE ROS,07-04 11:15,3
157091,2023-07-04 09:53:48,211833390,54.24574,11.93594,88.7,21.4,90,0,9865685,NILS HOLGERSSON,DKLZ2,70,49,180,24,7,6.0,DE ROS,07-04 11:15,3
157097,2023-07-04 09:58:48,211833390,54.24574,11.98589,90.0,20.7,91,0,9865685,NILS HOLGERSSON,DKLZ2,70,49,180,24,7,6.0,DE ROS,07-04 11:15,3
157100,2023-07-04 10:03:48,211833390,54.24274,12.03299,99.0,19.4,100,0,9865685,NILS HOLGERSSON,DKLZ2,70,49,180,24,7,6.0,DE ROS,07-04 11:15,3
157105,2023-07-04 10:08:48,211833390,54.22985,12.06558,166.8,16.6,170,0,9865685,NILS HOLGERSSON,DKLZ2,70,49,180,24,7,6.0,DE ROS,07-04 11:15,3
157112,2023-07-04 10:13:54,211833390,54.20762,12.07738,162.1,15.1,165,0,9865685,NILS HOLGERSSON,DKLZ2,70,49,180,24,7,6.0,DE ROS,07-04 11:15,3
157116,2023-07-04 10:18:55,211833390,54.1912,12.08669,160.9,9.7,165,0,9865685,NILS HOLGERSSON,DKLZ2,70,49,180,24,7,6.0,DE ROS,07-04 11:15,3
157122,2023-07-04 10:23:56,211833390,54.18106,12.09229,162.7,7.5,163,0,9865685,NILS HOLGERSSON,DKLZ2,70,49,180,24,7,6.0,DE ROS,07-04 11:15,3
157125,2023-07-04 10:28:56,211833390,54.17135,12.09783,161.6,7.4,163,0,9865685,NILS HOLGERSSON,DKLZ2,70,49,180,24,7,6.0,DE ROS,07-04 11:15,3
157129,2023-07-04 10:33:56,211833390,54.16198,12.10294,175.4,6.6,180,0,9865685,NILS HOLGERSSON,DKLZ2,70,49,180,24,7,6.0,DE ROS,07-04 11:15,3
157136,2023-07-04 10:38:57,211833390,54.15555,12.10047,198.8,2.3,221,0,9865685,NILS HOLGERSSON,DKLZ2,70,49,180,24,7,6.0,DE ROS,07-04 11:15,3
157139,2023-07-04 10:43:56,211833390,54.15523,12.10075,147.7,1.4,341,0,9865685,NILS HOLGERSSON,DKLZ2,70,49,180,24,7,6.0,DE ROS,07-04 11:15,3
157145,2023-07-04 10:48:56,211833390,54.15209,12.1022,186.5,1.6,1,0,9865685,NILS HOLGERSSON,DKLZ2,70,49,180,24,7,6.0,DE ROS,07-04 11:15,3
157149,2023-07-04 10:53:56,211833390,54.15098,12.1017,179.1,0.0,353,0,9865685,NILS HOLGERSSON,DKLZ2,70,49,180,24,7,6.0,DE ROS,07-04 11:15,3
158377,2023-07-05 07:37:36,211833390,53.93988,10.86274,57.6,0.6,31,0,9865685,NILS HOLGERSSON,DKLZ2,70,49,180,24,7,6.0,DE ROS,07-05 11:00,4
158381,2023-07-05 07:42:36,211833390,53.94566,10.86214,344.1,7.3,342,0,9865685,NILS HOLGERSSON,DKLZ2,70,49,180,24,7,6.0,DE ROS,07-05 11:00,4
158386,2023-07-05 07:47:35,211833390,53.95466,10.86816,50.9,7.2,52,0,9865685,NILS HOLGERSSON,DKLZ2,70,49,180,24,7,6.0,DE ROS,07-05 11:00,4
158391,2023-07-05 07:52:36,211833390,53.95971,10.88384,71.0,7.7,72,0,9865685,NILS HOLGERSSON,DKLZ2,70,49,180,24,7,6.0,DE ROS,07-05 11:00,4
158399,2023-07-05 07:57:45,211833390,53.97095,10.90347,40.0,16.0,40,0,9865685,NILS HOLGERSSON,DKLZ2,70,49,180,24,7,6.0,DE ROS,07-05 11:00,4
158403,2023-07-05 08:02:45,211833390,53.9899,10.93263,53.7,20.3,55,0,9865685,NILS HOLGERSSON,DKLZ2,70,49,180,24,7,6.0,DE ROS,07-05 11:00,4
158407,2023-07-05 08:07:45,211833390,54.0058,10.97262,56.1,20.5,56,0,9865685,NILS HOLGERSSON,DKLZ2,70,49,180,24,7,6.0,DE ROS,07-05 11:00,4
158412,2023-07-05 08:12:45,211833390,54.02186,11.01304,55.4,20.7,56,0,9865685,NILS HOLGERSSON,DKLZ2,70,49,180,24,7,6.0,DE ROS,07-05 11:00,4
158417,2023-07-05 08:17:46,211833390,54.03746,11.05396,58.6,20.7,60,0,9865685,NILS HOLGERSSON,DKLZ2,70,49,180,24,7,6.0,DE ROS,07-05 11:00,4
158421,2023-07-05 08:22:45,211833390,54.05256,11.09526,58.0,20.5,60,0,9865685,NILS HOLGERSSON,DKLZ2,70,49,180,24,7,6.0,DE ROS,07-05 11:00,4
158426,2023-07-05 08:27:45,211833390,54.06776,11.13611,57.5,20.6,59,0,9865685,NILS HOLGERSSON,DKLZ2,70,49,180,24,7,6.0,DE ROS,07-05 11:00,4
158432,2023-07-05 08:32:45,211833390,54.08312,11.17763,57.5,20.9,59,0,9865685,NILS HOLGERSSON,DKLZ2,70,49,180,24,7,6.0,DE ROS,07-05 11:00,4
158439,2023-07-05 08:37:52,211833390,54.0991,11.22045,57.4,21.0,60,0,9865685,NILS HOLGERSSON,DKLZ2,70,49,180,24,7,6.0,DE ROS,07-05 11:00,4
158443,2023-07-05 08:42:51,211833390,54.11489,11.26219,57.1,21.0,60,0,9865685,NILS HOLGERSSON,DKLZ2,70,49,180,24,7,6.0,DE ROS,07-05 11:00,4
158448,2023-07-05 08:47:51,211833390,54.13038,11.30359,58.1,20.7,60,0,9865685,NILS HOLGERSSON,DKLZ2,70,49,180,24,7,6.0,DE ROS,07-05 11:00,4
158454,2023-07-05 08:52:58,211833390,54.14368,11.34811,66.5,20.7,67,0,9865685,NILS HOLGERSSON,DKLZ2,70,49,180,24,7,6.0,DE ROS,07-05 11:00,4
158459,2023-07-05 08:57:58,211833390,54.15507,11.39273,66.6,20.4,67,0,9865685,NILS HOLGERSSON,DKLZ2,70,49,180,24,7,6.0,DE ROS,07-05 11:00,4
158463,2023-07-05 09:02:57,211833390,54.16633,11.43694,65.5,20.5,67,0,9865685,NILS HOLGERSSON,DKLZ2,70,49,180,24,7,6.0,DE ROS,07-05 11:00,4
158469,2023-07-05 09:07:57,211833390,54.17801,11.48096,65.3,20.4,68,0,9865685,NILS HOLGERSSON,DKLZ2,70,49,180,24,7,6.0,DE ROS,07-05 11:00,4
158470,2023-07-05 09:12:52,211833390,54.18708,11.52565,69.5,20.5,72,0,9865685,NILS HOLGERSSON,DKLZ2,70,49,180,24,7,6.0,DE ROS,07-05 11:00,4
158475,2023-07-05 09:17:46,211833390,54.19758,11.57022,67.4,20.8,69,0,9865685,NILS HOLGERSSON,DKLZ2,70,49,180,24,7,6.0,DE ROS,07-05 11:00,4
158482,2023-07-05 09:22:45,211833390,54.20641,11.61647,77.4,20.4,79,0,9865685,NILS HOLGERSSON,DKLZ2,70,49,180,24,7,6.0,DE ROS,07-05 11:00,4
158485,2023-07-05 09:27:40,211833390,54.21252,11.66293,77.1,20.3,79,0,9865685,NILS HOLGERSSON,DKLZ2,70,49,180,24,7,6.0,DE ROS,07-05 11:00,4
158494,2023-07-05 09:33:03,211833390,54.21924,11.71383,77.4,20.5,78,0,9865685,NILS HOLGERSSON,DKLZ2,70,49,180,24,7,6.0,DE ROSK,07-05 11:00,4
158499,2023-07-05 09:38:03,211833390,54.22545,11.76133,77.1,20.5,78,0,9865685,NILS HOLGERSSON,DKLZ2,70,49,180,24,7,6.0,DE ROS,07-05 11:00,4
158503,2023-07-05 09:43:04,211833390,54.23156,11.80845,77.5,20.1,78,0,9865685,NILS HOLGERSSON,DKLZ2,70,49,180,24,7,6.0,DE ROS,07-05 11:00,4
158508,2023-07-05 09:48:04,211833390,54.23768,11.85529,77.3,20.5,78,0,9865685,NILS HOLGERSSON,DKLZ2,70,49,180,24,7,6.0,DE ROS,07-05 11:00,4
158510,2023-07-05 09:52:58,211833390,54.24374,11.90212,77.5,20.5,79,0,9865685,NILS HOLGERSSON,DKLZ2,70,49,180,24,7,6.0,DE ROS,07-05 11:00,4
158518,2023-07-05 09:58:04,211833390,54.24583,11.9512,90.3,20.3,92,0,9865685,NILS HOLGERSSON,DKLZ2,70,49,180,24,7,6.0,DE ROS,07-05 11:00,4
158524,2023-07-05 10:03:07,211833390,54.24562,12.00006,95.0,19.7,98,0,9865685,NILS HOLGERSSON,DKLZ2,70,49,180,24,7,6.0,DE ROS,07-05 11:00,4
158528,2023-07-05 10:08:07,211833390,54.23968,12.04456,108.4,18.7,111,0,9865685,NILS HOLGERSSON,DKLZ2,70,49,180,24,7,6.0,DE ROS,07-05 11:00,4
158534,2023-07-05 10:13:10,211833390,54.22064,12.07004,160.8,17.3,161,0,9865685,NILS HOLGERSSON,DKLZ2,70,49,180,24,7,6.0,DE ROS,07-05 11:00,4
158537,2023-07-05 10:18:09,211833390,54.2003,12.08142,161.7,12.6,160,0,9865685,NILS HOLGERSSON,DKLZ2,70,49,180,24,7,6.0,DE ROS,07-05 11:00,4
158542,2023-07-05 10:23:12,211833390,54.18714,12.08903,160.7,6.9,160,0,9865685,NILS HOLGERSSON,DKLZ2,70,49,180,24,7,6.0,DE ROS,07-05 11:00,4
158548,2023-07-05 10:28:12,211833390,54.17816,12.09412,162.9,7.1,161,0,9865685,NILS HOLGERSSON,DKLZ2,70,49,180,24,7,6.0,DE ROS,07-05 11:00,4
158553,2023-07-05 10:33:12,211833390,54.16905,12.09914,161.9,6.1,161,0,9865685,NILS HOLGERSSON,DKLZ2,70,49,180,24,7,6.0,DE ROS,07-05 11:00,4
158556,2023-07-05 10:38:12,211833390,54.16163,12.10313,177.4,3.7,178,0,9865685,NILS HOLGERSSON,DKLZ2,70,49,180,24,7,6.0,DE ROS,07-05 11:00,4
158562,2023-07-05 10:43:14,211833390,54.16083,12.10387,277.0,1.8,27,0,9865685,NILS HOLGERSSON,DKLZ2,70,49,180,24,7,6.0,DE ROS,07-05 11:00,4
158565,2023-07-05 10:48:12,211833390,54.15639,12.10172,180.6,4.5,353,0,9865685,NILS HOLGERSSON,DKLZ2,70,49,180,24,7,6.0,DE ROS,07-05 11:00,4
158570,2023-07-05 10:53:11,211833390,54.15205,12.1022,180.5,2.3,359,0,9865685,NILS HOLGERSSON,DKLZ2,70,49,180,24,7,6.0,DE ROS,07-05 11:00,4
158575,2023-07-05 10:58:11,211833390,54.15097,12.10169,176.6,0.0,353,0,9865685,NILS HOLGERSSON,DKLZ2,70,49,180,24,7,6.0,DE ROS,07-05 11:00,4
166925,2023-07-11 07:28:20,211833390,53.94486,10.86213,343.1,6.8,341,0,9865685,NILS HOLGERSSON,DKLZ2,70,49,180,24,7,6.0,DERSK,07-11 11:15,5
166930,2023-07-11 07:33:20,211833390,53.95316,10.86552,45.4,6.8,48,0,9865685,NILS HOLGERSSON,DKLZ2,70,49,180,24,7,6.0,DERSK,07-11 11:15,5
166936,2023-07-11 07:38:19,211833390,53.95851,10.87836,68.7,6.7,70,0,9865685,NILS HOLGERSSON,DKLZ2,70,49,180,24,7,6.0,DERSK,07-11 11:15,5
166943,2023-07-11 07:43:30,211833390,53.96339,10.89364,41.0,7.9,40,0,9865685,NILS HOLGERSSON,DKLZ2,70,49,180,24,7,6.0,DERSK,07-11 11:15,5
166948,2023-07-11 07:48:30,211833390,53.97675,10.9117,37.2,15.3,38,0,9865685,NILS HOLGERSSON,DKLZ2,70,49,180,24,7,6.0,DERSK,07-11 11:15,5
166953,2023-07-11 07:53:30,211833390,53.99086,10.94161,54.0,16.2,55,0,9865685,NILS HOLGERSSON,DKLZ2,70,49,180,24,7,6.0,DERSK,07-11 11:15,5
166956,2023-07-11 07:58:30,211833390,54.00414,10.97288,55.0,17.0,55,0,9865685,NILS HOLGERSSON,DKLZ2,70,49,180,24,7,6.0,DERSK,07-11 11:15,5
166960,2023-07-11 08:03:30,211833390,54.01734,11.00766,58.4,17.7,59,0,9865685,NILS HOLGERSSON,DKLZ2,70,49,180,24,7,6.0,DERSK,07-11 11:15,5
166965,2023-07-11 08:08:30,211833390,54.03029,11.04276,56.8,17.5,57,0,9865685,NILS HOLGERSSON,DKLZ2,70,49,180,24,7,6.0,DERSK,07-11 11:15,5
166973,2023-07-11 08:13:36,211833390,54.04388,11.0778,56.4,17.3,56,0,9865685,NILS HOLGERSSON,DKLZ2,70,49,180,24,7,6.0,DERSK,07-11 11:15,5
166974,2023-07-11 08:18:30,211833390,54.05682,11.11087,56.3,17.0,56,0,9865685,NILS HOLGERSSON,DKLZ2,70,49,180,24,7,6.0,DERSK,07-11 11:15,5
166982,2023-07-11 08:23:35,211833390,54.07012,11.14491,56.3,16.9,56,0,9865685,NILS HOLGERSSON,DKLZ2,70,49,180,24,7,6.0,DERSK,07-11 11:15,5
166985,2023-07-11 08:28:36,211833390,54.08297,11.17832,56.9,16.9,56,0,9865685,NILS HOLGERSSON,DKLZ2,70,49,180,24,7,6.0,DERSK,07-11 11:15,5
166991,2023-07-11 08:33:37,211833390,54.09587,11.21193,57.7,17.0,57,0,9865685,NILS HOLGERSSON,DKLZ2,70,49,180,24,7,6.0,DERSK,07-11 11:15,5
166996,2023-07-11 08:38:37,211833390,54.10914,11.2456,56.0,17.5,56,0,9865685,NILS HOLGERSSON,DKLZ2,70,49,180,24,7,6.0,DERSK,07-11 11:15,5
167003,2023-07-11 08:43:41,211833390,54.12278,11.28081,56.7,17.4,56,0,9865685,NILS HOLGERSSON,DKLZ2,70,49,180,24,7,6.0,DERSK,07-11 11:15,5
167005,2023-07-11 08:48:36,211833390,54.13488,11.31533,66.4,17.3,66,0,9865685,NILS HOLGERSSON,DKLZ2,70,49,180,24,7,6.0,DERSK,07-11 11:15,5
167011,2023-07-11 08:53:36,211833390,54.14441,11.35329,67.2,17.4,68,0,9865685,NILS HOLGERSSON,DKLZ2,70,49,180,24,7,6.0,DERSK,07-11 11:15,5
167015,2023-07-11 08:58:36,211833390,54.1537,11.39102,67.6,17.2,69,0,9865685,NILS HOLGERSSON,DKLZ2,70,49,180,24,7,6.0,DERSK,07-11 11:15,5
167020,2023-07-11 09:03:43,211833390,54.16321,11.42955,66.9,17.3,68,0,9865685,NILS HOLGERSSON,DKLZ2,70,49,180,24,7,6.0,DERSK,07-11 11:15,5
167026,2023-07-11 09:08:43,211833390,54.17251,11.46728,67.1,17.2,67,0,9865685,NILS HOLGERSSON,DKLZ2,70,49,180,24,7,6.0,DERSK,07-11 11:15,5
167033,2023-07-11 09:13:42,211833390,54.1818,11.50491,67.0,17.3,67,0,9865685,NILS HOLGERSSON,DKLZ2,70,49,180,24,7,6.0,DERSK,07-11 11:15,5
167038,2023-07-11 09:18:49,211833390,54.19136,11.54357,67.3,17.3,67,0,9865685,NILS HOLGERSSON,DKLZ2,70,49,180,24,7,6.0,DERSK,07-11 11:15,5
167043,2023-07-11 09:23:48,211833390,54.20075,11.5815,67.3,17.3,67,0,9865685,NILS HOLGERSSON,DKLZ2,70,49,180,24,7,6.0,DERSK,07-11 11:15,5
167045,2023-07-11 09:28:48,211833390,54.20717,11.62057,77.6,17.3,78,0,9865685,NILS HOLGERSSON,DKLZ2,70,49,180,24,7,6.0,DERSK,07-11 11:15,5
167052,2023-07-11 09:33:48,211833390,54.21236,11.66048,77.4,17.2,78,0,9865685,NILS HOLGERSSON,DKLZ2,70,49,180,24,7,6.0,DERSK,07-11 11:15,5
167056,2023-07-11 09:38:54,211833390,54.21759,11.7011,77.9,17.2,78,0,9865685,NILS HOLGERSSON,DKLZ2,70,49,180,24,7,6.0,DERSK,07-11 11:15,5
167060,2023-07-11 09:43:48,211833390,54.2227,11.7402,78.0,17.3,77,0,9865685,NILS HOLGERSSON,DKLZ2,70,49,180,24,7,6.0,DERSK,07-11 11:15,5
167067,2023-07-11 09:48:54,211833390,54.22801,11.78097,77.5,17.2,77,0,9865685,NILS HOLGERSSON,DKLZ2,70,49,180,24,7,6.0,DERSK,07-11 11:15,5
167070,2023-07-11 09:53:48,211833390,54.23306,11.81981,77.3,17.1,77,0,9865685,NILS HOLGERSSON,DKLZ2,70,49,180,24,7,6.0,DERSK,07-11 11:15,5
167074,2023-07-11 09:58:54,211833390,54.23831,11.8602,77.7,16.9,77,0,9865685,NILS HOLGERSSON,DKLZ2,70,49,180,24,7,6.0,DERSK,07-11 11:15,5
167082,2023-07-11 10:03:54,211833390,54.2434,11.8994,77.3,17.0,77,0,9865685,NILS HOLGERSSON,DKLZ2,70,49,180,24,7,6.0,DERSK,07-11 11:15,5
167088,2023-07-11 10:09:00,211833390,54.24585,11.94004,89.8,16.9,89,0,9865685,NILS HOLGERSSON,DKLZ2,70,49,180,24,7,6.0,DERSK,07-11 11:15,5
167092,2023-07-11 10:14:01,211833390,54.24578,11.98017,90.7,16.6,90,0,9865685,NILS HOLGERSSON,DKLZ2,70,49,180,24,7,6.0,DERSK,07-11 11:15,5
167096,2023-07-11 10:19:00,211833390,54.24365,12.01661,109.3,15.1,109,0,9865685,NILS HOLGERSSON,DKLZ2,70,49,180,24,7,6.0,DERSK,07-11 11:15,5
167103,2023-07-11 10:24:04,211833390,54.23237,12.04347,141.4,13.8,141,0,9865685,NILS HOLGERSSON,DKLZ2,70,49,180,24,7,6.0,DERSK,07-11 11:15,5
167108,2023-07-11 10:29:03,211833390,54.21855,12.06169,143.3,9.8,141,0,9865685,NILS HOLGERSSON,DKLZ2,70,49,180,24,7,6.0,DERSK,07-11 11:15,5
167110,2023-07-11 10:34:02,211833390,54.20995,12.07283,142.3,6.9,142,0,9865685,NILS HOLGERSSON,DKLZ2,70,49,180,24,7,6.0,DERSK,07-11 11:15,5
167117,2023-07-11 10:39:01,211833390,54.20197,12.08066,161.3,7.0,163,0,9865685,NILS HOLGERSSON,DKLZ2,70,49,180,24,7,6.0,DERSK,07-11 11:15,5
167122,2023-07-11 10:44:01,211833390,54.18826,12.08858,160.0,8.5,163,0,9865685,NILS HOLGERSSON,DKLZ2,70,49,180,24,7,6.0,DERSK,07-11 11:15,5
167125,2023-07-11 10:49:02,211833390,54.17835,12.09389,162.0,7.2,162,0,9865685,NILS HOLGERSSON,DKLZ2,70,49,180,24,7,6.0,DERSK,07-11 11:15,5
167129,2023-07-11 10:54:03,211833390,54.16927,12.09894,160.7,6.9,161,0,9865685,NILS HOLGERSSON,DKLZ2,70,49,180,24,7,6.0,DERSK,07-11 11:15,5
167135,2023-07-11 10:59:02,211833390,54.16038,12.1034,175.8,5.5,178,0,9865685,NILS HOLGERSSON,DKLZ2,70,49,180,24,7,6.0,DERSK,07-11 11:15,5
167140,2023-07-11 11:04:06,211833390,54.15868,12.10201,61.2,0.0,351,0,9865685,NILS HOLGERSSON,DKLZ2,70,49,180,24,7,6.0,DERSK,07-11 11:15,5
168363,2023-07-12 07:32:55,211833390,53.93995,10.86299,36.3,1.9,29,0,9865685,NILS HOLGERSSON,DKLZ2,70,49,180,24,7,6.1,DERSK,07-12 11:15,6
168371,2023-07-12 07:38:02,211833390,53.94736,10.86121,351.1,7.5,348,0,9865685,NILS HOLGERSSON,DKLZ2,70,49,180,24,7,6.1,DERSK,07-12 11:15,6
168374,2023-07-12 07:42:54,211833390,53.95479,10.86841,49.5,7.3,48,0,9865685,NILS HOLGERSSON,DKLZ2,70,49,180,24,7,6.1,DERSK,07-12 11:15,6
168381,2023-07-12 07:48:05,211833390,53.9594,10.88334,73.0,6.8,71,0,9865685,NILS HOLGERSSON,DKLZ2,70,49,180,24,7,6.1,DERSK,07-12 11:15,6
168386,2023-07-12 07:53:06,211833390,53.96916,10.9014,36.5,14.6,35,0,9865685,NILS HOLGERSSON,DKLZ2,70,49,180,24,7,6.1,DERSK,07-12 11:15,6
168389,2023-07-12 07:58:02,211833390,53.98492,10.92689,65.1,16.8,65,0,9865685,NILS HOLGERSSON,DKLZ2,70,49,180,24,7,6.1,DERSK,07-12 11:15,6
168394,2023-07-12 08:03:03,211833390,53.9975,10.96002,55.7,15.6,55,0,9865685,NILS HOLGERSSON,DKLZ2,70,49,180,24,7,6.1,DERSK,07-12 11:15,6
168400,2023-07-12 08:08:09,211833390,54.01068,10.99248,55.5,17.6,55,0,9865685,NILS HOLGERSSON,DKLZ2,70,49,180,24,7,6.1,DERSK,07-12 11:15,6
168402,2023-07-12 08:13:08,211833390,54.02496,11.02781,55.4,18.5,54,0,9865685,NILS HOLGERSSON,DKLZ2,70,49,180,24,7,6.1,DERSK,07-12 11:15,6
168407,2023-07-12 08:18:09,211833390,54.03961,11.06388,57.4,18.6,57,0,9865685,NILS HOLGERSSON,DKLZ2,70,49,180,24,7,6.1,DERSK,07-12 11:15,6
168416,2023-07-12 08:23:15,211833390,54.05377,11.10149,57.0,18.4,57,0,9865685,NILS HOLGERSSON,DKLZ2,70,49,180,24,7,6.1,DERSK,07-12 11:15,6
168421,2023-07-12 08:28:15,211833390,54.0677,11.13781,56.5,18.3,56,0,9865685,NILS HOLGERSSON,DKLZ2,70,49,180,24,7,6.1,DERSK,07-12 11:15,6
168423,2023-07-12 08:33:14,211833390,54.08165,11.17397,56.6,18.3,55,0,9865685,NILS HOLGERSSON,DKLZ2,70,49,180,24,7,6.1,DERSK,07-12 11:15,6
168430,2023-07-12 08:38:15,211833390,54.09566,11.2104,57.0,18.6,56,0,9865685,NILS HOLGERSSON,DKLZ2,70,49,180,24,7,6.1,DERSK,07-12 11:15,6
168433,2023-07-12 08:43:14,211833390,54.10985,11.24726,57.1,18.7,56,0,9865685,NILS HOLGERSSON,DKLZ2,70,49,180,24,7,6.1,DERSK,07-12 11:15,6
168438,2023-07-12 08:48:15,211833390,54.12411,11.28435,57.1,18.8,56,0,9865685,NILS HOLGERSSON,DKLZ2,70,49,180,24,7,6.1,DERSK,07-12 11:15,6
168446,2023-07-12 08:53:21,211833390,54.13696,11.32369,66.9,18.7,67,0,9865685,NILS HOLGERSSON,DKLZ2,70,49,180,24,7,6.1,DERSK,07-12 11:15,6
168450,2023-07-12 08:58:21,211833390,54.14706,11.36422,67.1,18.4,67,0,9865685,NILS HOLGERSSON,DKLZ2,70,49,180,24,7,6.1,DERSK,07-12 11:15,6
168453,2023-07-12 09:03:20,211833390,54.15693,11.40417,67.2,18.2,67,0,9865685,NILS HOLGERSSON,DKLZ2,70,49,180,24,7,6.1,DERSK,07-12 11:15,6
168460,2023-07-12 09:08:20,211833390,54.16672,11.44379,67.2,18.1,67,0,9865685,NILS HOLGERSSON,DKLZ2,70,49,180,24,7,6.1,DERSK,07-12 11:15,6
168464,2023-07-12 09:13:20,211833390,54.17648,11.48341,66.9,18.2,66,0,9865685,NILS HOLGERSSON,DKLZ2,70,49,180,24,7,6.1,DERSK,07-12 11:15,6
168468,2023-07-12 09:18:14,211833390,54.18616,11.52235,67.1,18.2,67,0,9865685,NILS HOLGERSSON,DKLZ2,70,49,180,24,7,6.1,DERSK,07-12 11:15,6
168474,2023-07-12 09:23:20,211833390,54.19612,11.56294,67.0,18.2,67,0,9865685,NILS HOLGERSSON,DKLZ2,70,49,180,24,7,6.1,DERSK,07-12 11:15,6
168481,2023-07-12 09:28:27,211833390,54.20491,11.60417,76.5,18.1,76,0,9865685,NILS HOLGERSSON,DKLZ2,70,49,180,24,7,6.1,DERSK,07-12 11:15,6
168483,2023-07-12 09:33:21,211833390,54.21043,11.64547,77.4,18.3,77,0,9865685,NILS HOLGERSSON,DKLZ2,70,49,180,24,7,6.1,DERSK,07-12 11:15,6
168490,2023-07-12 09:38:27,211833390,54.21603,11.68868,77.6,18.3,77,0,9865685,NILS HOLGERSSON,DKLZ2,70,49,180,24,7,6.1,DERSK,07-12 11:15,6
168496,2023-07-12 09:43:27,211833390,54.22156,11.73108,77.3,18.3,77,0,9865685,NILS HOLGERSSON,DKLZ2,70,49,180,24,7,6.1,DERSK,07-12 11:15,6
168501,2023-07-12 09:48:27,211833390,54.22706,11.77365,77.4,18.3,77,0,9865685,NILS HOLGERSSON,DKLZ2,70,49,180,24,7,6.1,DERSK,07-12 11:15,6
168504,2023-07-12 09:53:26,211833390,54.23253,11.81572,77.5,18.2,77,0,9865685,NILS HOLGERSSON,DKLZ2,70,49,180,24,7,6.1,DERSK,07-12 11:15,6
168511,2023-07-12 09:58:33,211833390,54.23809,11.85855,77.2,18.0,76,0,9865685,NILS HOLGERSSON,DKLZ2,70,49,180,24,7,6.1,DERSK,07-12 11:15,6
168515,2023-07-12 10:03:34,211833390,54.24348,11.90016,77.7,17.8,77,0,9865685,NILS HOLGERSSON,DKLZ2,70,49,180,24,7,6.1,DERSK,07-12 11:15,6
168517,2023-07-12 10:08:33,211833390,54.24583,11.94174,89.4,17.7,89,0,9865685,NILS HOLGERSSON,DKLZ2,70,49,180,24,7,6.1,DERSK,07-12 11:15,6
168524,2023-07-12 10:13:33,211833390,54.24576,11.98191,90.1,15.6,89,0,9865685,NILS HOLGERSSON,DKLZ2,70,49,180,24,7,6.1,DERSK,07-12 11:15,6
168529,2023-07-12 10:18:32,211833390,54.24282,12.02017,113.0,16.6,113,0,9865685,NILS HOLGERSSON,DKLZ2,70,49,180,24,7,6.1,DERSK,07-12 11:15,6
168534,2023-07-12 10:23:33,211833390,54.22773,12.04927,142.8,17.0,144,0,9865685,NILS HOLGERSSON,DKLZ2,70,49,180,24,7,6.1,DERSK,07-12 11:15,6
168538,2023-07-12 10:28:36,211833390,54.20959,12.07432,145.0,15.6,146,0,9865685,NILS HOLGERSSON,DKLZ2,70,49,180,24,7,6.1,DERSK,07-12 11:15,6
168542,2023-07-12 10:33:33,211833390,54.19334,12.08558,162.2,10.9,165,0,9865685,NILS HOLGERSSON,DKLZ2,70,49,180,24,7,6.1,DERSK,07-12 11:15,6
168550,2023-07-12 10:38:39,211833390,54.18068,12.09247,162.2,8.2,164,0,9865685,NILS HOLGERSSON,DKLZ2,70,49,180,24,7,6.1,DERSK,07-12 11:15,6
168552,2023-07-12 10:43:38,211833390,54.17095,12.09781,160.9,6.9,161,0,9865685,NILS HOLGERSSON,DKLZ2,70,49,180,24,7,6.1,DERSK,07-12 11:15,6
168560,2023-07-12 10:48:39,211833390,54.16166,12.10281,173.4,6.5,178,0,9865685,NILS HOLGERSSON,DKLZ2,70,49,180,24,7,6.1,DERSK,07-12 11:15,6
168564,2023-07-12 10:53:39,211833390,54.15817,12.10201,53.5,1.3,339,0,9865685,NILS HOLGERSSON,DKLZ2,70,49,180,24,7,6.1,DERSK,07-12 11:15,6
168570,2023-07-12 10:58:40,211833390,54.15472,12.10147,170.1,4.8,349,0,9865685,NILS HOLGERSSON,DKLZ2,70,49,180,24,7,6.1,DERSK,07-12 11:15,6
168575,2023-07-12 11:03:40,211833390,54.15106,12.10168,241.0,0.1,353,0,9865685,NILS HOLGERSSON,DKLZ2,70,49,180,24,7,6.1,DERSK,07-12 11:15,6
168578,2023-07-12 11:08:40,211833390,54.15096,12.10167,176.8,0.0,353,0,9865685,NILS HOLGERSSON,DKLZ2,70,49,180,24,7,6.1,DERSK,07-12 11:15,6
226263,2023-08-22 07:37:02,211833390,53.9405,10.8634,17.5,2.8,18,0,9865685,NILS HOLGERSSON,DKLZ2,70,49,180,24,7,6.0,DERSK,08-22 11:15,7
226267,2023-08-22 07:42:03,211833390,53.94836,10.86148,2.7,7.5,0,0,9865685,NILS HOLGERSSON,DKLZ2,70,49,180,24,7,6.0,DERSK,08-22 11:15,7
226272,2023-08-22 07:47:00,211833390,53.95637,10.87186,52.2,7.3,52,0,9865685,NILS HOLGERSSON,DKLZ2,70,49,180,24,7,6.0,DERSK,08-22 11:15,7
226276,2023-08-22 07:52:06,211833390,53.96068,10.88809,61.3,7.7,61,0,9865685,NILS HOLGERSSON,DKLZ2,70,49,180,24,7,6.0,DERSK,08-22 11:15,7
226279,2023-08-22 07:56:59,211833390,53.97119,10.90382,36.3,13.6,36,0,9865685,NILS HOLGERSSON,DKLZ2,70,49,180,24,7,6.0,DERSK,08-22 11:15,7
226285,2023-08-22 08:02:05,211833390,53.98757,10.93016,52.3,17.3,52,0,9865685,NILS HOLGERSSON,DKLZ2,70,49,180,24,7,6.0,DERSK,08-22 11:15,7
226292,2023-08-22 08:07:11,211833390,54.00224,10.96434,57.2,17.8,57,0,9865685,NILS HOLGERSSON,DKLZ2,70,49,180,24,7,6.0,DERSK,08-22 11:15,7
226298,2023-08-22 08:12:12,211833390,54.01561,10.99989,57.7,17.9,57,0,9865685,NILS HOLGERSSON,DKLZ2,70,49,180,24,7,6.0,DERSK,08-22 11:15,7
226301,2023-08-22 08:17:12,211833390,54.02895,11.03589,57.8,18.0,57,0,9865685,NILS HOLGERSSON,DKLZ2,70,49,180,24,7,6.0,DERSK,08-22 11:15,7
226307,2023-08-22 08:22:17,211833390,54.04261,11.07242,56.8,17.9,56,0,9865685,NILS HOLGERSSON,DKLZ2,70,49,180,24,7,6.0,DERSK,08-22 11:15,7
226313,2023-08-22 08:27:17,211833390,54.05623,11.10793,57.0,17.9,57,0,9865685,NILS HOLGERSSON,DKLZ2,70,49,180,24,7,6.0,DERSK,08-22 11:15,7
226317,2023-08-22 08:32:18,211833390,54.06999,11.14373,56.6,18.3,56,0,9865685,NILS HOLGERSSON,DKLZ2,70,49,180,24,7,6.0,DERSK,08-22 11:15,7
226322,2023-08-22 08:37:18,211833390,54.08416,11.18054,56.7,18.7,56,0,9865685,NILS HOLGERSSON,DKLZ2,70,49,180,24,7,6.0,DERSK,08-22 11:15,7
226325,2023-08-22 08:42:11,211833390,54.09804,11.21661,56.7,18.7,55,0,9865685,NILS HOLGERSSON,DKLZ2,70,49,180,24,7,6.0,DERSK,08-22 11:15,7
226330,2023-08-22 08:47:11,211833390,54.11229,11.25362,56.7,18.7,55,0,9865685,NILS HOLGERSSON,DKLZ2,70,49,180,24,7,6.0,DERSK,08-22 11:15,7
226335,2023-08-22 08:52:18,211833390,54.12677,11.29133,56.8,18.5,55,0,9865685,NILS HOLGERSSON,DKLZ2,70,49,180,24,7,6.0,DERSK,08-22 11:15,7
226340,2023-08-22 08:57:18,211833390,54.13856,11.33006,66.7,18.5,65,0,9865685,NILS HOLGERSSON,DKLZ2,70,49,180,24,7,6.0,DERSK,08-22 11:15,7
226347,2023-08-22 09:02:23,211833390,54.14887,11.37139,67.1,18.9,66,0,9865685,NILS HOLGERSSON,DKLZ2,70,49,180,24,7,6.0,DERSK,08-22 11:15,7
226351,2023-08-22 09:07:23,211833390,54.1592,11.41315,66.9,19.1,66,0,9865685,NILS HOLGERSSON,DKLZ2,70,49,180,24,7,6.0,DERSK,08-22 11:15,7
226358,2023-08-22 09:12:27,211833390,54.16942,11.45465,67.2,19.7,67,0,9865685,NILS HOLGERSSON,DKLZ2,70,49,180,24,7,6.0,DERSK,08-22 11:15,7
226361,2023-08-22 09:17:23,211833390,54.18001,11.49767,67.4,19.1,67,0,9865685,NILS HOLGERSSON,DKLZ2,70,49,180,24,7,6.0,DERSK,08-22 11:15,7
226365,2023-08-22 09:22:23,211833390,54.19027,11.53928,67.1,18.9,66,0,9865685,NILS HOLGERSSON,DKLZ2,70,49,180,24,7,6.0,DERSK,08-22 11:15,7
226373,2023-08-22 09:27:30,211833390,54.20069,11.58119,67.2,18.7,67,0,9865685,NILS HOLGERSSON,DKLZ2,70,49,180,24,7,6.0,DERSK,08-22 11:15,7
226375,2023-08-22 09:32:24,211833390,54.20739,11.6224,77.3,18.4,77,0,9865685,NILS HOLGERSSON,DKLZ2,70,49,180,24,7,6.0,DERSK,08-22 11:15,7
226380,2023-08-22 09:37:23,211833390,54.2129,11.6646,77.3,18.3,77,0,9865685,NILS HOLGERSSON,DKLZ2,70,49,180,24,7,6.0,DERSK,08-22 11:15,7
226384,2023-08-22 09:42:19,211833390,54.21826,11.70594,77.4,18.1,77,0,9865685,NILS HOLGERSSON,DKLZ2,70,49,180,24,7,6.0,DERSK,08-22 11:15,7
226389,2023-08-22 09:47:24,211833390,54.22381,11.7487,77.2,18.1,76,0,9865685,NILS HOLGERSSON,DKLZ2,70,49,180,24,7,6.0,DERSK,08-22 11:15,7
226396,2023-08-22 09:52:30,211833390,54.22933,11.7913,77.4,17.9,76,0,9865685,NILS HOLGERSSON,DKLZ2,70,49,180,24,7,6.0,DERSK,08-22 11:15,7
226401,2023-08-22 09:57:32,211833390,54.23482,11.83336,77.2,18.2,75,0,9865685,NILS HOLGERSSON,DKLZ2,70,49,180,24,7,6.0,DERSK,08-22 11:15,7
226404,2023-08-22 10:02:23,211833390,54.24016,11.87449,77.3,18.1,75,0,9865685,NILS HOLGERSSON,DKLZ2,70,49,180,24,7,6.0,DERSK,08-22 11:15,7
226411,2023-08-22 10:07:36,211833390,54.24554,11.9182,84.8,17.9,84,0,9865685,NILS HOLGERSSON,DKLZ2,70,49,180,24,7,6.0,DERSK,08-22 11:15,7
226416,2023-08-22 10:12:36,211833390,54.24582,11.96109,90.1,18.3,88,0,9865685,NILS HOLGERSSON,DKLZ2,70,49,180,24,7,6.0,DERSK,08-22 11:15,7
226419,2023-08-22 10:17:36,211833390,54.24538,12.00461,98.5,18.2,99,0,9865685,NILS HOLGERSSON,DKLZ2,70,49,180,24,7,6.0,DERSK,08-22 11:15,7
226425,2023-08-22 10:22:36,211833390,54.23443,12.04268,127.4,18.1,128,0,9865685,NILS HOLGERSSON,DKLZ2,70,49,180,24,7,6.0,DERSK,08-22 11:15,7
226430,2023-08-22 10:27:36,211833390,54.21528,12.06889,149.9,17.0,149,0,9865685,NILS HOLGERSSON,DKLZ2,70,49,180,24,7,6.0,DERSK,08-22 11:15,7
226434,2023-08-22 10:32:36,211833390,54.19562,12.08426,160.8,10.5,159,0,9865685,NILS HOLGERSSON,DKLZ2,70,49,180,24,7,6.0,DERSK,08-22 11:15,7
226437,2023-08-22 10:37:30,211833390,54.18635,12.08967,160.9,6.7,159,0,9865685,NILS HOLGERSSON,DKLZ2,70,49,180,24,7,6.0,DERSK,08-22 11:15,7
226442,2023-08-22 10:42:39,211833390,54.17694,12.09509,160.7,6.4,160,0,9865685,NILS HOLGERSSON,DKLZ2,70,49,180,24,7,6.0,DERSK,08-22 11:15,7
226449,2023-08-22 10:47:39,211833390,54.16758,12.10026,162.9,7.6,163,0,9865685,NILS HOLGERSSON,DKLZ2,70,49,180,24,7,6.0,DERSK,08-22 11:15,7
226453,2023-08-22 10:52:39,211833390,54.1584,12.102,196.7,4.6,202,0,9865685,NILS HOLGERSSON,DKLZ2,70,49,180,24,7,6.0,DERSK,08-22 11:15,7
226459,2023-08-22 10:57:43,211833390,54.15489,12.09976,303.5,0.5,260,0,9865685,NILS HOLGERSSON,DKLZ2,70,49,180,24,7,6.0,DERSK,08-22 11:15,7
226462,2023-08-22 11:02:39,211833390,54.15359,12.10198,171.4,2.9,356,0,9865685,NILS HOLGERSSON,DKLZ2,70,49,180,24,7,6.0,DERSK,08-22 11:15,7
226469,2023-08-22 11:07:41,211833390,54.15111,12.10173,193.5,0.3,353,0,9865685,NILS HOLGERSSON,DKLZ2,70,49,180,24,7,6.0,DERSK,08-22 11:15,7
226474,2023-08-22 11:12:41,211833390,54.15098,12.1017,186.0,0.0,352,0,9865685,NILS HOLGERSSON,DKLZ2,70,49,180,24,7,6.0,DERSK,08-22 11:15,7
227657,2023-08-23 07:21:46,211833390,53.94253,10.86351,348.7,5.6,345,0,9865685,NILS HOLGERSSON,DKLZ2,70,49,180,24,7,6.1,DE ROS,08-23 11:15,8
227665,2023-08-23 07:26:53,211833390,53.9524,10.86404,37.2,7.2,38,0,9865685,NILS HOLGERSSON,DKLZ2,70,49,180,24,7,6.1,DE ROS,08-23 11:15,8
227666,2023-08-23 07:31:46,211833390,53.95826,10.87752,68.4,7.5,68,0,9865685,NILS HOLGERSSON,DKLZ2,70,49,180,24,7,6.1,DE ROS,08-23 11:15,8
227674,2023-08-23 07:36:56,211833390,53.96375,10.89473,42.6,9.3,40,0,9865685,NILS HOLGERSSON,DKLZ2,70,49,180,24,7,6.1,DE ROS,08-23 11:15,8
227680,2023-08-23 07:41:58,211833390,53.97907,10.91424,36.5,16.7,36,0,9865685,NILS HOLGERSSON,DKLZ2,70,49,180,24,7,6.1,DE ROS,08-23 11:15,8
227682,2023-08-23 07:46:54,211833390,53.99507,10.94548,54.8,18.0,55,0,9865685,NILS HOLGERSSON,DKLZ2,70,49,180,24,7,6.1,DE ROS,08-23 11:15,8
227687,2023-08-23 07:51:54,211833390,54.00853,10.98142,57.7,17.8,57,0,9865685,NILS HOLGERSSON,DKLZ2,70,49,180,24,7,6.1,DE ROS,08-23 11:15,8
227695,2023-08-23 07:57:00,211833390,54.02183,11.01682,57.4,17.2,56,0,9865685,NILS HOLGERSSON,DKLZ2,70,49,180,24,7,6.1,DE ROS,08-23 11:15,8
227700,2023-08-23 08:02:00,211833390,54.03453,11.05091,57.7,16.8,57,0,9865685,NILS HOLGERSSON,DKLZ2,70,49,180,24,7,6.1,DE ROS,08-23 11:15,8
227705,2023-08-23 08:07:00,211833390,54.04711,11.08413,56.8,16.7,56,0,9865685,NILS HOLGERSSON,DKLZ2,70,49,180,24,7,6.1,DE ROS,08-23 11:15,8
227709,2023-08-23 08:12:00,211833390,54.05976,11.11715,56.6,16.7,56,0,9865685,NILS HOLGERSSON,DKLZ2,70,49,180,24,7,6.1,DE ROS,08-23 11:15,8
227713,2023-08-23 08:17:00,211833390,54.07248,11.15021,56.8,16.6,56,0,9865685,NILS HOLGERSSON,DKLZ2,70,49,180,24,7,6.1,DE ROS,08-23 11:15,8
227718,2023-08-23 08:22:00,211833390,54.08511,11.18299,56.8,16.6,56,0,9865685,NILS HOLGERSSON,DKLZ2,70,49,180,24,7,6.1,DE ROS,08-23 11:15,8
227722,2023-08-23 08:27:00,211833390,54.09777,11.21594,56.7,16.6,56,0,9865685,NILS HOLGERSSON,DKLZ2,70,49,180,24,7,6.1,DE ROS,08-23 11:15,8
227727,2023-08-23 08:32:00,211833390,54.11045,11.24892,56.8,16.6,55,0,9865685,NILS HOLGERSSON,DKLZ2,70,49,180,24,7,6.1,DE ROS,08-23 11:15,8
227734,2023-08-23 08:37:00,211833390,54.12314,11.28189,56.6,16.7,55,0,9865685,NILS HOLGERSSON,DKLZ2,70,49,180,24,7,6.1,DE ROS,08-23 11:15,8
227738,2023-08-23 08:42:06,211833390,54.13508,11.31641,66.1,16.6,65,0,9865685,NILS HOLGERSSON,DKLZ2,70,49,180,24,7,6.1,DE ROS,08-23 11:15,8
227744,2023-08-23 08:47:06,211833390,54.14408,11.35224,67.1,16.5,66,0,9865685,NILS HOLGERSSON,DKLZ2,70,49,180,24,7,6.1,DE ROS,08-23 11:15,8
227748,2023-08-23 08:52:12,211833390,54.15317,11.38876,67.2,16.5,66,0,9865685,NILS HOLGERSSON,DKLZ2,70,49,180,24,7,6.1,DE ROS,08-23 11:15,8
227750,2023-08-23 08:57:06,211833390,54.16188,11.42418,67.3,16.5,67,0,9865685,NILS HOLGERSSON,DKLZ2,70,49,180,24,7,6.1,DE ROS,08-23 11:15,8
227756,2023-08-23 09:02:03,211833390,54.17055,11.45921,66.9,16.4,67,0,9865685,NILS HOLGERSSON,DKLZ2,70,49,180,24,7,6.1,DE ROS,08-23 11:15,8
227761,2023-08-23 09:07:05,211833390,54.17954,11.49559,67.4,16.3,68,0,9865685,NILS HOLGERSSON,DKLZ2,70,49,180,24,7,6.1,DE ROS,08-23 11:15,8
227765,2023-08-23 09:12:06,211833390,54.18829,11.53114,67.1,16.3,68,0,9865685,NILS HOLGERSSON,DKLZ2,70,49,180,24,7,6.1,DE ROS,08-23 11:15,8
227772,2023-08-23 09:17:06,211833390,54.19712,11.56695,67.2,16.4,68,0,9865685,NILS HOLGERSSON,DKLZ2,70,49,180,24,7,6.1,DE ROS,08-23 11:15,8
227774,2023-08-23 09:22:06,211833390,54.20478,11.60326,76.5,16.3,76,0,9865685,NILS HOLGERSSON,DKLZ2,70,49,180,24,7,6.1,DE ROS,08-23 11:15,8
227782,2023-08-23 09:27:18,211833390,54.209,11.64292,80.7,16.5,79,0,9865685,NILS HOLGERSSON,DKLZ2,70,49,180,24,7,6.1,DE ROS,08-23 11:15,8
227785,2023-08-23 09:32:18,211833390,54.21431,11.68087,76.3,16.4,75,0,9865685,NILS HOLGERSSON,DKLZ2,70,49,180,24,7,6.1,DE ROS,08-23 11:15,8
227790,2023-08-23 09:37:18,211833390,54.21963,11.71861,76.7,16.4,75,0,9865685,NILS HOLGERSSON,DKLZ2,70,49,180,24,7,6.1,DE ROS,08-23 11:15,8
227796,2023-08-23 09:42:19,211833390,54.22491,11.75617,76.2,16.3,74,0,9865685,NILS HOLGERSSON,DKLZ2,70,49,180,24,7,6.1,DE ROS,08-23 11:15,8
227800,2023-08-23 09:47:18,211833390,54.23028,11.79355,75.8,16.3,74,0,9865685,NILS HOLGERSSON,DKLZ2,70,49,180,24,7,6.1,DE ROS,08-23 11:15,8
227805,2023-08-23 09:52:18,211833390,54.23589,11.83118,75.6,16.4,75,0,9865685,NILS HOLGERSSON,DKLZ2,70,49,180,24,7,6.1,DE ROS,08-23 11:15,8
227810,2023-08-23 09:57:19,211833390,54.24069,11.86936,80.8,16.4,80,0,9865685,NILS HOLGERSSON,DKLZ2,70,49,180,24,7,6.1,DE ROS,08-23 11:15,8
227814,2023-08-23 10:02:18,211833390,54.24439,11.90794,77.8,16.4,76,0,9865685,NILS HOLGERSSON,DKLZ2,70,49,180,24,7,6.1,DE ROS,08-23 11:15,8
227819,2023-08-23 10:07:24,211833390,54.24583,11.94743,89.6,16.4,88,0,9865685,NILS HOLGERSSON,DKLZ2,70,49,180,24,7,6.1,DE ROS,08-23 11:15,8
227822,2023-08-23 10:12:24,211833390,54.24572,11.9865,90.6,16.5,88,0,9865685,NILS HOLGERSSON,DKLZ2,70,49,180,24,7,6.1,DE ROS,08-23 11:15,8
227829,2023-08-23 10:17:24,211833390,54.24186,12.02412,116.6,16.0,116,0,9865685,NILS HOLGERSSON,DKLZ2,70,49,180,24,7,6.1,DE ROS,08-23 11:15,8
227830,2023-08-23 10:22:25,211833390,54.22786,12.05429,133.8,16.8,134,0,9865685,NILS HOLGERSSON,DKLZ2,70,49,180,24,7,6.1,DE ROS,08-23 11:15,8
227839,2023-08-23 10:27:25,211833390,54.20888,12.07687,160.7,16.7,161,0,9865685,NILS HOLGERSSON,DKLZ2,70,49,180,24,7,6.1,DE ROS,08-23 11:15,8
227843,2023-08-23 10:32:30,211833390,54.19198,12.08672,161.4,8.3,165,0,9865685,NILS HOLGERSSON,DKLZ2,70,49,180,24,7,6.1,DE ROS,08-23 11:15,8
227847,2023-08-23 10:37:26,211833390,54.18222,12.09175,162.5,7.5,162,0,9865685,NILS HOLGERSSON,DKLZ2,70,49,180,24,7,6.1,DE ROS,08-23 11:15,8
227850,2023-08-23 10:42:25,211833390,54.17283,12.09708,161.3,6.9,161,0,9865685,NILS HOLGERSSON,DKLZ2,70,49,180,24,7,6.1,DE ROS,08-23 11:15,8
227857,2023-08-23 10:47:28,211833390,54.16287,12.10262,165.5,6.9,165,0,9865685,NILS HOLGERSSON,DKLZ2,70,49,180,24,7,6.1,DE ROSK GERMANY,08-23 11:15,8
227862,2023-08-23 10:52:27,211833390,54.15624,12.10075,195.3,2.7,213,0,9865685,NILS HOLGERSSON,DKLZ2,70,49,180,24,7,6.1,DE ROS,08-23 11:15,8
227866,2023-08-23 10:57:29,211833390,54.15491,12.09991,57.8,1.4,299,0,9865685,NILS HOLGERSSON,DKLZ2,70,49,180,24,7,6.1,DE ROS,08-23 11:15,8
227870,2023-08-23 11:02:26,211833390,54.15275,12.10214,174.1,2.4,1,0,9865685,NILS HOLGERSSON,DKLZ2,70,49,180,24,7,6.1,DE ROS,08-23 11:15,8
227875,2023-08-23 11:07:25,211833390,54.15108,12.10169,210.8,0.3,352,0,9865685,NILS HOLGERSSON,DKLZ2,70,49,180,24,7,6.1,DE ROS,08-23 11:15,8
227882,2023-08-23 11:12:37,211833390,54.15096,12.10165,208.3,0.0,353,5,9865685,NILS HOLGERSSON,DKLZ2,70,49,180,24,7,6.1,SE TRG,08-23 17:30,8
236129,2023-08-29 07:31:46,211833390,53.94185,10.86363,353.9,5.7,354,0,9865685,NILS HOLGERSSON,DKLZ2,70,49,180,24,7,5.9,DERSK,08-29 11:15,9
236135,2023-08-29 07:36:47,211833390,53.9517,10.86332,34.7,7.4,38,0,9865685,NILS HOLGERSSON,DKLZ2,70,49,180,24,7,5.9,DERSK,08-29 11:15,9
236139,2023-08-29 07:41:47,211833390,53.95795,10.87619,65.8,6.6,64,0,9865685,NILS HOLGERSSON,DKLZ2,70,49,180,24,7,5.9,DERSK,08-29 11:15,9
236142,2023-08-29 07:46:44,211833390,53.9623,10.8919,46.3,8.4,42,0,9865685,NILS HOLGERSSON,DKLZ2,70,49,180,24,7,5.9,DERSK,08-29 11:15,9
236148,2023-08-29 07:51:47,211833390,53.97512,10.90818,35.7,14.2,35,0,9865685,NILS HOLGERSSON,DKLZ2,70,49,180,24,7,5.9,DERSK,08-29 11:15,9
236154,2023-08-29 07:56:48,211833390,53.99076,10.93697,50.4,17.6,49,0,9865685,NILS HOLGERSSON,DKLZ2,70,49,180,24,7,5.9,DERSK,08-29 11:15,9
236157,2023-08-29 08:01:47,211833390,54.0053,10.97094,58.7,17.9,58,0,9865685,NILS HOLGERSSON,DKLZ2,70,49,180,24,7,5.9,DERSK,08-29 11:15,9
236161,2023-08-29 08:06:47,211833390,54.01822,11.00698,58.7,18.0,58,0,9865685,NILS HOLGERSSON,DKLZ2,70,49,180,24,7,5.9,DERSK,08-29 11:15,9
236169,2023-08-29 08:11:51,211833390,54.03133,11.04319,56.8,18.5,193,0,9865685,NILS HOLGERSSON,DKLZ2,70,49,180,24,7,5.9,DERSK,08-29 11:15,9
236174,2023-08-29 08:16:53,211833390,54.04533,11.07935,56.2,18.0,55,0,9865685,NILS HOLGERSSON,DKLZ2,70,49,180,24,7,5.9,DERSK,08-29 11:15,9
236179,2023-08-29 08:21:54,211833390,54.05908,11.11479,56.5,17.8,56,0,9865685,NILS HOLGERSSON,DKLZ2,70,49,180,24,7,5.9,DERSK,08-29 11:15,9
236183,2023-08-29 08:26:54,211833390,54.07267,11.14979,56.5,17.8,56,0,9865685,NILS HOLGERSSON,DKLZ2,70,49,180,24,7,5.9,DERSK,08-29 11:15,9
236187,2023-08-29 08:31:48,211833390,54.08602,11.18406,56.7,17.8,56,0,9865685,NILS HOLGERSSON,DKLZ2,70,49,180,24,7,5.9,DERSK,08-29 11:15,9
236195,2023-08-29 08:37:00,211833390,54.10023,11.22034,56.3,17.7,56,0,9865685,NILS HOLGERSSON,DKLZ2,70,49,180,24,7,5.9,DERSK,08-29 11:15,9
236199,2023-08-29 08:42:00,211833390,54.11351,11.25543,57.1,17.6,56,0,9865685,NILS HOLGERSSON,DKLZ2,70,49,180,24,7,5.9,DERSK,08-29 11:15,9
236203,2023-08-29 08:46:54,211833390,54.12643,11.28985,57.4,17.6,56,0,9865685,NILS HOLGERSSON,DKLZ2,70,49,180,24,7,5.9,DERSK,08-29 11:15,9
236208,2023-08-29 08:51:59,211833390,54.13995,11.32525,56.3,17.5,56,0,9865685,NILS HOLGERSSON,DKLZ2,70,49,180,24,7,5.9,DERSK,08-29 11:15,9
236214,2023-08-29 08:57:00,211833390,54.1535,11.35998,56.4,17.6,57,0,9865685,NILS HOLGERSSON,DKLZ2,70,49,180,24,7,5.9,DERSK,08-29 11:15,9
236219,2023-08-29 09:02:00,211833390,54.16702,11.39461,56.5,17.6,57,0,9865685,NILS HOLGERSSON,DKLZ2,70,49,180,24,7,5.9,DERSK,08-29 11:15,9
236223,2023-08-29 09:06:59,211833390,54.17692,11.43217,71.9,17.6,71,0,9865685,NILS HOLGERSSON,DKLZ2,70,49,180,24,7,5.9,DERSK,08-29 11:15,9
236228,2023-08-29 09:11:59,211833390,54.18432,11.47184,74.1,17.6,74,0,9865685,NILS HOLGERSSON,DKLZ2,70,49,180,24,7,5.9,DERSK,08-29 11:15,9
236233,2023-08-29 09:16:57,211833390,54.19075,11.51055,143.0,18.1,85,0,9865685,NILS HOLGERSSON,DKLZ2,70,49,180,24,7,5.9,DERSK,08-29 11:15,9
236239,2023-08-29 09:22:05,211833390,54.19675,11.55197,286.2,18.1,257,0,9865685,NILS HOLGERSSON,DKLZ2,70,49,180,24,7,5.9,DERSK,08-29 11:15,9
236242,2023-08-29 09:27:00,211833390,54.20254,11.59319,76.5,17.5,75,0,9865685,NILS HOLGERSSON,DKLZ2,70,49,180,24,7,5.9,DERSK,08-29 11:15,9
236248,2023-08-29 09:32:00,211833390,54.20813,11.63387,77.0,17.6,76,0,9865685,NILS HOLGERSSON,DKLZ2,70,49,180,24,7,5.9,DERSK,08-29 11:15,9
236252,2023-08-29 09:36:48,211833390,54.21327,11.67132,303.2,18.1,257,0,9865685,NILS HOLGERSSON,DKLZ2,70,49,180,24,7,5.9,DERSK,08-29 11:15,9
236258,2023-08-29 09:42:00,211833390,54.2193,11.71537,76.8,17.6,76,0,9865685,NILS HOLGERSSON,DKLZ2,70,49,180,24,7,5.9,DERSK,08-29 11:15,9
236263,2023-08-29 09:47:05,211833390,54.22471,11.75455,297.7,18.2,257,0,9865685,NILS HOLGERSSON,DKLZ2,70,49,180,24,7,5.9,DERSK,08-29 11:15,9
236269,2023-08-29 09:52:11,211833390,54.23017,11.79895,78.0,17.7,76,0,9865685,NILS HOLGERSSON,DKLZ2,70,49,180,24,7,5.9,DERSK,08-29 11:15,9
236273,2023-08-29 09:57:12,211833390,54.23535,11.8399,77.9,17.6,77,0,9865685,NILS HOLGERSSON,DKLZ2,70,49,180,24,7,5.9,DERSK,08-29 11:15,9
236279,2023-08-29 10:02:11,211833390,54.24048,11.88072,77.2,17.5,76,0,9865685,NILS HOLGERSSON,DKLZ2,70,49,180,24,7,5.9,DERSK,08-29 11:15,9
236282,2023-08-29 10:07:11,211833390,54.24379,11.92152,85.5,17.3,85,0,9865685,NILS HOLGERSSON,DKLZ2,70,49,180,24,7,5.9,DERSK,08-29 11:15,9
236286,2023-08-29 10:12:12,211833390,54.24229,11.96205,100.6,17.2,99,0,9865685,NILS HOLGERSSON,DKLZ2,70,49,180,24,7,5.9,DERSK,08-29 11:15,9
236291,2023-08-29 10:17:11,211833390,54.23649,12.00107,110.7,16.8,109,0,9865685,NILS HOLGERSSON,DKLZ2,70,49,180,24,7,5.9,DERSK,08-29 11:15,9
236297,2023-08-29 10:22:18,211833390,54.2248,12.03571,121.8,16.5,120,0,9865685,NILS HOLGERSSON,DKLZ2,70,49,180,24,7,5.9,DERSK,08-29 11:15,9
236300,2023-08-29 10:27:17,211833390,54.21226,12.06861,131.2,16.0,129,0,9865685,NILS HOLGERSSON,DKLZ2,70,49,180,24,7,5.9,DERSK,08-29 11:15,9
236306,2023-08-29 10:32:18,211833390,54.19424,12.08503,161.5,11.7,158,0,9865685,NILS HOLGERSSON,DKLZ2,70,49,180,24,7,5.9,DERSK,08-29 11:15,9
236310,2023-08-29 10:37:14,211833390,54.18346,12.0913,159.9,7.2,158,0,9865685,NILS HOLGERSSON,DKLZ2,70,49,180,24,7,5.9,DERSK,08-29 11:15,9
236315,2023-08-29 10:42:14,211833390,54.17353,12.09677,163.0,7.3,162,0,9865685,NILS HOLGERSSON,DKLZ2,70,49,180,24,7,5.9,DERSK,08-29 11:15,9
236321,2023-08-29 10:47:20,211833390,54.16355,12.10231,166.7,7.3,165,0,9865685,NILS HOLGERSSON,DKLZ2,70,49,180,24,7,5.9,DERSK,08-29 11:15,9
236324,2023-08-29 10:52:16,211833390,54.15876,12.10448,305.0,1.0,50,0,9865685,NILS HOLGERSSON,DKLZ2,70,49,180,24,7,5.9,DERSK,08-29 11:15,9
236328,2023-08-29 10:57:14,211833390,54.15563,12.10101,177.5,3.1,345,0,9865685,NILS HOLGERSSON,DKLZ2,70,49,180,24,7,5.9,DERSK,08-29 11:15,9
236333,2023-08-29 11:02:14,211833390,54.15169,12.10208,193.4,1.9,356,0,9865685,NILS HOLGERSSON,DKLZ2,70,49,180,24,7,5.9,DERSK,08-29 11:15,9
236336,2023-08-29 11:07:13,211833390,54.15096,12.10168,199.9,0.0,353,0,9865685,NILS HOLGERSSON,DKLZ2,70,49,180,24,7,5.9,DERSK,08-29 11:15,9
237531,2023-08-30 07:31:09,211833390,53.94216,10.86363,350.1,4.8,349,0,9865685,NILS HOLGERSSON,DKLZ2,70,49,180,24,7,6.0,DERSK,08-30 11:15,10
237536,2023-08-30 07:36:12,211833390,53.95141,10.86265,28.8,7.3,32,0,9865685,NILS HOLGERSSON,DKLZ2,70,49,180,24,7,6.0,DERSK,08-30 11:15,10
237541,2023-08-30 07:41:12,211833390,53.95793,10.87599,63.9,7.0,64,0,9865685,NILS HOLGERSSON,DKLZ2,70,49,180,24,7,6.0,DERSK,08-30 11:15,10
237546,2023-08-30 07:46:12,211833390,53.9625,10.89199,46.0,8.2,44,0,9865685,NILS HOLGERSSON,DKLZ2,70,49,180,24,7,6.0,DERSK,08-30 11:15,10
237551,2023-08-30 07:51:12,211833390,53.97386,10.90719,36.6,14.2,36,0,9865685,NILS HOLGERSSON,DKLZ2,70,49,180,24,7,6.0,DERSK,08-30 11:15,10
237555,2023-08-30 07:56:12,211833390,53.98952,10.93554,50.7,17.7,50,0,9865685,NILS HOLGERSSON,DKLZ2,70,49,180,24,7,6.0,DERSK,08-30 11:15,10
237559,2023-08-30 08:01:12,211833390,54.00359,10.96993,58.2,18.0,58,0,9865685,NILS HOLGERSSON,DKLZ2,70,49,180,24,7,6.0,DERSK,08-30 11:15,10
237567,2023-08-30 08:06:18,211833390,54.01741,11.00651,56.9,18.0,57,0,9865685,NILS HOLGERSSON,DKLZ2,70,49,180,24,7,6.0,DERSK,08-30 11:15,10
237569,2023-08-30 08:11:12,211833390,54.03077,11.04125,56.9,17.8,56,0,9865685,NILS HOLGERSSON,DKLZ2,70,49,180,24,7,6.0,DERSK,08-30 11:15,10
237576,2023-08-30 08:16:18,211833390,54.04439,11.07712,57.2,17.7,57,0,9865685,NILS HOLGERSSON,DKLZ2,70,49,180,24,7,6.0,DERSK,08-30 11:15,10
237580,2023-08-30 08:21:18,211833390,54.05765,11.11222,57.4,17.6,57,0,9865685,NILS HOLGERSSON,DKLZ2,70,49,180,24,7,6.0,DERSK,08-30 11:15,10
237585,2023-08-30 08:26:18,211833390,54.07088,11.14741,57.4,17.6,56,0,9865685,NILS HOLGERSSON,DKLZ2,70,49,180,24,7,6.0,DERSK,08-30 11:15,10
237588,2023-08-30 08:31:12,211833390,54.08376,11.18183,57.0,17.6,56,0,9865685,NILS HOLGERSSON,DKLZ2,70,49,180,24,7,6.0,DERSK,08-30 11:15,10
237594,2023-08-30 08:36:24,211833390,54.09762,11.21814,56.8,17.6,57,0,9865685,NILS HOLGERSSON,DKLZ2,70,49,180,24,7,6.0,DERSK,08-30 11:15,10
237599,2023-08-30 08:41:24,211833390,54.11107,11.253,56.6,17.6,56,0,9865685,NILS HOLGERSSON,DKLZ2,70,49,180,24,7,6.0,DERSK,08-30 11:15,10
237603,2023-08-30 08:46:18,211833390,54.12428,11.28712,56.6,17.6,57,0,9865685,NILS HOLGERSSON,DKLZ2,70,49,180,24,7,6.0,DERSK,08-30 11:15,10
237608,2023-08-30 08:51:24,211833390,54.13806,11.32237,56.3,17.6,57,0,9865685,NILS HOLGERSSON,DKLZ2,70,49,180,24,7,6.0,DERSK,08-30 11:15,10
237614,2023-08-30 08:56:18,211833390,54.14963,11.3579,67.1,17.6,68,0,9865685,NILS HOLGERSSON,DKLZ2,70,49,180,24,7,6.0,DERSK,08-30 11:15,10
237622,2023-08-30 09:01:31,211833390,54.15958,11.39806,67.3,17.6,68,0,9865685,NILS HOLGERSSON,DKLZ2,70,49,180,24,7,6.0,DERSK,08-30 11:15,10
237624,2023-08-30 09:06:30,211833390,54.16891,11.4366,67.7,17.6,67,0,9865685,NILS HOLGERSSON,DKLZ2,70,49,180,24,7,6.0,DERSK,08-30 11:15,10
237629,2023-08-30 09:11:30,211833390,54.17802,11.47501,68.2,17.5,68,0,9865685,NILS HOLGERSSON,DKLZ2,70,49,180,24,7,6.0,DERSK,08-30 11:15,10
237634,2023-08-30 09:16:18,211833390,54.18698,11.51185,64.3,17.5,63,0,9865685,NILS HOLGERSSON,DKLZ2,70,49,180,24,7,6.0,DERSK,08-30 11:15,10
237638,2023-08-30 09:21:31,211833390,54.19645,11.55187,75.3,17.6,74,0,9865685,NILS HOLGERSSON,DKLZ2,70,49,180,24,7,6.0,DERSK,08-30 11:15,10
237643,2023-08-30 09:26:30,211833390,54.20255,11.59234,75.5,17.5,75,0,9865685,NILS HOLGERSSON,DKLZ2,70,49,180,24,7,6.0,DERSK,08-30 11:15,10
237651,2023-08-30 09:31:37,211833390,54.20868,11.63364,77.5,17.6,77,0,9865685,NILS HOLGERSSON,DKLZ2,70,49,180,24,7,6.0,DERSK,08-30 11:15,10
237654,2023-08-30 09:36:31,211833390,54.2139,11.67358,77.4,17.6,77,0,9865685,NILS HOLGERSSON,DKLZ2,70,49,180,24,7,6.0,DERSK,08-30 11:15,10
237661,2023-08-30 09:41:36,211833390,54.21939,11.71512,77.2,17.5,77,0,9865685,NILS HOLGERSSON,DKLZ2,70,49,180,24,7,6.0,DERSK,08-30 11:15,10
237666,2023-08-30 09:46:37,211833390,54.22475,11.75576,77.3,17.5,77,0,9865685,NILS HOLGERSSON,DKLZ2,70,49,180,24,7,6.0,DERSK,08-30 11:15,10
237669,2023-08-30 09:51:37,211833390,54.23009,11.7964,77.1,17.5,77,0,9865685,NILS HOLGERSSON,DKLZ2,70,49,180,24,7,6.0,DERSK,08-30 11:15,10
237672,2023-08-30 09:56:30,211833390,54.2353,11.83585,77.5,17.4,77,0,9865685,NILS HOLGERSSON,DKLZ2,70,49,180,24,7,6.0,DERSK,08-30 11:15,10
237680,2023-08-30 10:01:37,211833390,54.24074,11.87716,77.6,17.4,77,0,9865685,NILS HOLGERSSON,DKLZ2,70,49,180,24,7,6.0,DERSK,08-30 11:15,10
237682,2023-08-30 10:06:37,211833390,54.24349,11.91764,90.9,17.1,90,0,9865685,NILS HOLGERSSON,DKLZ2,70,49,180,24,7,6.0,DERSK,08-30 11:15,10
237690,2023-08-30 10:11:43,211833390,54.24042,11.9584,101.0,17.0,99,0,9865685,NILS HOLGERSSON,DKLZ2,70,49,180,24,7,6.0,DERSK,08-30 11:15,10
237693,2023-08-30 10:16:43,211833390,54.23383,11.99676,111.4,15.9,109,0,9865685,NILS HOLGERSSON,DKLZ2,70,49,180,24,7,6.0,DERSK,08-30 11:15,10
237697,2023-08-30 10:21:42,211833390,54.22494,12.02904,117.6,14.8,115,0,9865685,NILS HOLGERSSON,DKLZ2,70,49,180,24,7,6.0,DERSK,08-30 11:15,10
237701,2023-08-30 10:26:42,211833390,54.21488,12.06145,121.7,14.9,119,0,9865685,NILS HOLGERSSON,DKLZ2,70,49,180,24,7,6.0,DERSK,08-30 11:15,10
237707,2023-08-30 10:31:45,211833390,54.20217,12.08066,161.6,10.3,160,0,9865685,NILS HOLGERSSON,DKLZ2,70,49,180,24,7,6.0,DERSK,08-30 11:15,10
237712,2023-08-30 10:36:45,211833390,54.19117,12.08678,160.7,6.1,156,0,9865685,NILS HOLGERSSON,DKLZ2,70,49,180,24,7,6.0,DERSK,08-30 11:15,10
237717,2023-08-30 10:41:44,211833390,54.18356,12.09144,161.7,6.2,160,0,9865685,NILS HOLGERSSON,DKLZ2,70,49,180,24,7,6.0,DERSK,08-30 11:15,10
237720,2023-08-30 10:46:45,211833390,54.1747,12.09617,162.6,7.3,162,0,9865685,NILS HOLGERSSON,DKLZ2,70,49,180,24,7,6.0,DERSK,08-30 11:15,10
237725,2023-08-30 10:51:45,211833390,54.16557,12.10114,162.0,5.5,161,0,9865685,NILS HOLGERSSON,DKLZ2,70,49,180,24,7,6.0,DERSK,08-30 11:15,10
237731,2023-08-30 10:56:45,211833390,54.15845,12.10179,196.3,5.4,197,0,9865685,NILS HOLGERSSON,DKLZ2,70,49,180,24,7,6.0,DERSK,08-30 11:15,10
237736,2023-08-30 11:01:48,211833390,54.15474,12.09914,219.8,0.5,258,0,9865685,NILS HOLGERSSON,DKLZ2,70,49,180,24,7,6.0,DERSK,08-30 11:15,10
237740,2023-08-30 11:06:43,211833390,54.15341,12.10204,164.3,3.9,353,0,9865685,NILS HOLGERSSON,DKLZ2,70,49,180,24,7,6.0,DERSK,08-30 11:15,10
237748,2023-08-30 11:11:54,211833390,54.15104,12.10175,167.8,0.2,353,0,9865685,NILS HOLGERSSON,DKLZ2,70,49,180,24,7,6.0,DERSK,08-30 11:15,10
237751,2023-08-30 11:16:54,211833390,54.15098,12.10169,287.1,0.0,353,5,9865685,NILS HOLGERSSON,DKLZ2,70,49,180,24,7,6.0,DERSK,08-30 11:15,10
245895,2023-09-05 07:32:29,211833390,53.94181,10.86367,352.3,4.5,351,0,9865685,NILS HOLGERSSON,DKLZ2,70,49,180,24,7,6.0,DE RSK,09-05 11:15,11
245899,2023-09-05 07:37:29,211833390,53.95105,10.86261,24.3,7.7,26,0,9865685,NILS HOLGERSSON,DKLZ2,70,49,180,24,7,6.0,DE RSK,09-05 11:15,11
245904,2023-09-05 07:42:29,211833390,53.95773,10.87535,61.8,7.5,61,0,9865685,NILS HOLGERSSON,DKLZ2,70,49,180,24,7,6.0,DE RSK,09-05 11:15,11
245909,2023-09-05 07:47:34,211833390,53.9622,10.89176,47.7,8.2,46,0,9865685,NILS HOLGERSSON,DKLZ2,70,49,180,24,7,6.0,DE RSK,09-05 11:15,11
245911,2023-09-05 07:52:31,211833390,53.9742,10.90744,36.1,13.5,36,0,9865685,NILS HOLGERSSON,DKLZ2,70,49,180,24,7,6.0,DE RSK,09-05 11:15,11
245918,2023-09-05 07:57:31,211833390,53.98913,10.93079,48.3,15.0,49,0,9865685,NILS HOLGERSSON,DKLZ2,70,49,180,24,7,6.0,DE RSK,09-05 11:15,11
245923,2023-09-05 08:02:37,211833390,54.0007,10.96027,57.8,14.7,57,0,9865685,NILS HOLGERSSON,DKLZ2,70,49,180,24,7,6.0,DE RSK,09-05 11:15,11
245929,2023-09-05 08:07:38,211833390,54.01319,10.99362,57.4,18.1,57,0,9865685,NILS HOLGERSSON,DKLZ2,70,49,180,24,7,6.0,DE RSK,09-05 11:15,11
245933,2023-09-05 08:12:38,211833390,54.02681,11.02972,56.9,18.0,57,0,9865685,NILS HOLGERSSON,DKLZ2,70,49,180,24,7,6.0,DE RSK,09-05 11:15,11
245937,2023-09-05 08:17:38,211833390,54.04046,11.06513,56.5,17.8,57,0,9865685,NILS HOLGERSSON,DKLZ2,70,49,180,24,7,6.0,DE RSK,09-05 11:15,11
245945,2023-09-05 08:22:44,211833390,54.05431,11.1007,56.6,17.8,57,0,9865685,NILS HOLGERSSON,DKLZ2,70,49,180,24,7,6.0,DE RSK,09-05 11:15,11
245950,2023-09-05 08:27:44,211833390,54.06783,11.1358,57.0,17.8,57,0,9865685,NILS HOLGERSSON,DKLZ2,70,49,180,24,7,6.0,DE RSK,09-05 11:15,11
245954,2023-09-05 08:32:44,211833390,54.08131,11.17114,57.2,17.9,57,0,9865685,NILS HOLGERSSON,DKLZ2,70,49,180,24,7,6.0,DE RSK,09-05 11:15,11
245956,2023-09-05 08:37:26,211833390,54.09402,11.20441,57.1,17.8,57,0,9865685,NILS HOLGERSSON,DKLZ2,70,49,180,24,7,6.0,DE RSK,09-05 11:15,11
245965,2023-09-05 08:42:50,211833390,54.10857,11.24249,56.4,17.7,57,0,9865685,NILS HOLGERSSON,DKLZ2,70,49,180,24,7,6.0,DE RSK,09-05 11:15,11
245969,2023-09-05 08:47:50,211833390,54.1223,11.27731,56.4,17.8,57,0,9865685,NILS HOLGERSSON,DKLZ2,70,49,180,24,7,6.0,DE RSK,09-05 11:15,11
245971,2023-09-05 08:51:26,211833390,54.13203,11.30273,61.6,17.6,63,0,9865685,NILS HOLGERSSON,DKLZ2,70,49,180,24,7,6.0,DE RSK,09-05 11:15,11
245979,2023-09-05 08:57:50,211833390,54.14474,11.35158,66.7,17.8,67,0,9865685,NILS HOLGERSSON,DKLZ2,70,49,180,24,7,6.0,DE RSK,09-05 11:15,11
245982,2023-09-05 09:02:49,211833390,54.15451,11.39016,66.7,17.7,67,0,9865685,NILS HOLGERSSON,DKLZ2,70,49,180,24,7,6.0,DE RSK,09-05 11:15,11
245987,2023-09-05 09:07:50,211833390,54.16432,11.42884,66.7,17.8,67,0,9865685,NILS HOLGERSSON,DKLZ2,70,49,180,24,7,6.0,DE RSK,09-05 11:15,11
245993,2023-09-05 09:12:50,211833390,54.17406,11.46769,67.1,17.8,67,0,9865685,NILS HOLGERSSON,DKLZ2,70,49,180,24,7,6.0,DE RSK,09-05 11:15,11
245997,2023-09-05 09:17:50,211833390,54.18453,11.506,61.2,17.9,61,0,9865685,NILS HOLGERSSON,DKLZ2,70,49,180,24,7,6.0,DE RSK,09-05 11:15,11
246004,2023-09-05 09:22:56,211833390,54.19672,11.5439,61.1,17.9,60,0,9865685,NILS HOLGERSSON,DKLZ2,70,49,180,24,7,6.0,DE RSK,09-05 11:15,11
246007,2023-09-05 09:27:49,211833390,54.20817,11.58066,65.2,17.9,65,0,9865685,NILS HOLGERSSON,DKLZ2,70,49,180,24,7,6.0,DE RSK,09-05 11:15,11
246013,2023-09-05 09:32:49,211833390,54.2175,11.61992,70.2,17.9,69,0,9865685,NILS HOLGERSSON,DKLZ2,70,49,180,24,7,6.0,DE RSK,09-05 11:15,11
246018,2023-09-05 09:37:49,211833390,54.22382,11.66087,79.7,17.9,79,0,9865685,NILS HOLGERSSON,DKLZ2,70,49,180,24,7,6.0,DE RSK,09-05 11:15,11
246025,2023-09-05 09:43:02,211833390,54.22822,11.70463,80.4,17.9,80,0,9865685,NILS HOLGERSSON,DKLZ2,70,49,180,24,7,6.0,DE RSK,09-05 11:15,11
246030,2023-09-05 09:48:02,211833390,54.23243,11.74652,80.1,17.9,80,0,9865685,NILS HOLGERSSON,DKLZ2,70,49,180,24,7,6.0,DE RSK,09-05 11:15,11
246034,2023-09-05 09:53:02,211833390,54.23674,11.78826,79.7,17.9,79,0,9865685,NILS HOLGERSSON,DKLZ2,70,49,180,24,7,6.0,DE RSK,09-05 11:15,11
246038,2023-09-05 09:58:02,211833390,54.24113,11.83001,79.7,17.9,79,0,9865685,NILS HOLGERSSON,DKLZ2,70,49,180,24,7,6.0,DE RSK,09-05 11:15,11
246044,2023-09-05 10:03:02,211833390,54.24544,11.87196,79.9,18.0,79,0,9865685,NILS HOLGERSSON,DKLZ2,70,49,180,24,7,6.0,DE RSK,09-05 11:15,11
246049,2023-09-05 10:08:06,211833390,54.24757,11.91479,91.7,17.9,91,0,9865685,NILS HOLGERSSON,DKLZ2,70,49,180,24,7,6.0,DE RSK,09-05 11:15,11
246053,2023-09-05 10:13:02,211833390,54.24166,11.95506,111.4,17.9,110,0,9865685,NILS HOLGERSSON,DKLZ2,70,49,180,24,7,6.0,DE RSK,09-05 11:15,11
246060,2023-09-05 10:18:08,211833390,54.23239,11.99587,111.2,18.0,109,0,9865685,NILS HOLGERSSON,DKLZ2,70,49,180,24,7,6.0,DE RSK,09-05 11:15,11
246065,2023-09-05 10:23:08,211833390,54.22196,12.03511,116.0,18.2,115,0,9865685,NILS HOLGERSSON,DKLZ2,70,49,180,24,7,6.0,DE RSK,09-05 11:15,11
246069,2023-09-05 10:28:07,211833390,54.21015,12.07179,134.8,16.4,135,0,9865685,NILS HOLGERSSON,DKLZ2,70,49,180,24,7,6.0,DE RSK,09-05 11:15,11
246075,2023-09-05 10:33:08,211833390,54.19337,12.08566,161.9,9.2,160,0,9865685,NILS HOLGERSSON,DKLZ2,70,49,180,24,7,6.0,DE RSK,09-05 11:15,11
246078,2023-09-05 10:38:02,211833390,54.18355,12.09144,162.5,7.6,162,0,9865685,NILS HOLGERSSON,DKLZ2,70,49,180,24,7,6.0,DE RSK,09-05 11:15,11
246085,2023-09-05 10:43:11,211833390,54.17325,12.09699,162.2,7.5,162,0,9865685,NILS HOLGERSSON,DKLZ2,70,49,180,24,7,6.0,DE RSK,09-05 11:15,11
246090,2023-09-05 10:48:10,211833390,54.16338,12.10248,167.3,7.4,167,0,9865685,NILS HOLGERSSON,DKLZ2,70,49,180,24,7,6.0,DE RSK,09-05 11:15,11
246093,2023-09-05 10:53:12,211833390,54.15911,12.10425,281.1,1.8,47,0,9865685,NILS HOLGERSSON,DKLZ2,70,49,180,24,7,6.0,DE RSK,09-05 11:15,11
246099,2023-09-05 10:58:13,211833390,54.15436,12.10229,168.2,4.2,356,0,9865685,NILS HOLGERSSON,DKLZ2,70,49,180,24,7,6.0,DE RSK,09-05 11:15,11
246104,2023-09-05 11:03:13,211833390,54.15109,12.1018,195.9,0.6,352,0,9865685,NILS HOLGERSSON,DKLZ2,70,49,180,24,7,6.0,DE RSK,09-05 11:15,11
246107,2023-09-05 11:07:22,211833390,54.15096,12.1017,246.4,0.0,353,5,9865685,NILS HOLGERSSON,DKLZ2,70,49,180,24,7,6.0,SE TRG,09-05 17:30,11
247324,2023-09-06 07:36:56,211833390,53.94377,10.8628,343.6,6.2,341,0,9865685,NILS HOLGERSSON,DKLZ2,70,49,180,24,7,6.0,DERSK,09-06 11:15,12
247330,2023-09-06 07:42:02,211833390,53.95289,10.86476,44.3,6.1,47,0,9865685,NILS HOLGERSSON,DKLZ2,70,49,180,24,7,6.0,DERSK,09-06 11:15,12
247335,2023-09-06 07:47:04,211833390,53.95847,10.87872,69.4,7.6,69,0,9865685,NILS HOLGERSSON,DKLZ2,70,49,180,24,7,6.0,DERSK,09-06 11:15,12
247340,2023-09-06 07:52:04,211833390,53.96351,10.89395,40.6,9.8,38,0,9865685,NILS HOLGERSSON,DKLZ2,70,49,180,24,7,6.0,DERSK,09-06 11:15,12
247344,2023-09-06 07:57:00,211833390,53.97922,10.91416,41.5,16.2,41,0,9865685,NILS HOLGERSSON,DKLZ2,70,49,180,24,7,6.0,DERSK,09-06 11:15,12
247351,2023-09-06 08:02:06,211833390,53.99391,10.94297,51.3,15.7,50,0,9865685,NILS HOLGERSSON,DKLZ2,70,49,180,24,7,6.0,DERSK,09-06 11:15,12
247355,2023-09-06 08:07:06,211833390,54.00683,10.97738,57.8,18.0,57,0,9865685,NILS HOLGERSSON,DKLZ2,70,49,180,24,7,6.0,DERSK,09-06 11:15,12
247361,2023-09-06 08:12:07,211833390,54.0204,11.01373,57.5,18.3,57,0,9865685,NILS HOLGERSSON,DKLZ2,70,49,180,24,7,6.0,DERSK,09-06 11:15,12
247364,2023-09-06 08:17:06,211833390,54.03419,11.05006,57.0,18.2,57,0,9865685,NILS HOLGERSSON,DKLZ2,70,49,180,24,7,6.0,DERSK,09-06 11:15,12
247369,2023-09-06 08:22:07,211833390,54.04798,11.08596,57.0,18.1,57,0,9865685,NILS HOLGERSSON,DKLZ2,70,49,180,24,7,6.0,DERSK,09-06 11:15,12
247374,2023-09-06 08:27:06,211833390,54.0615,11.12175,57.5,18.1,56,0,9865685,NILS HOLGERSSON,DKLZ2,70,49,180,24,7,6.0,DERSK,09-06 11:15,12
247378,2023-09-06 08:32:06,211833390,54.07497,11.15787,57.5,18.1,56,0,9865685,NILS HOLGERSSON,DKLZ2,70,49,180,24,7,6.0,DERSK,09-06 11:15,12
247383,2023-09-06 08:37:07,211833390,54.0887,11.19397,56.7,18.2,56,0,9865685,NILS HOLGERSSON,DKLZ2,70,49,180,24,7,6.0,DERSK,09-06 11:15,12
247391,2023-09-06 08:42:19,211833390,54.10316,11.2315,56.8,18.2,56,0,9865685,NILS HOLGERSSON,DKLZ2,70,49,180,24,7,6.0,DERSK,09-06 11:15,12
247394,2023-09-06 08:47:12,211833390,54.11687,11.26681,56.0,18.2,57,0,9865685,NILS HOLGERSSON,DKLZ2,70,49,180,24,7,6.0,DERSK,09-06 11:15,12
247398,2023-09-06 08:52:15,211833390,54.13063,11.3026,62.9,17.8,64,0,9865685,NILS HOLGERSSON,DKLZ2,70,49,180,24,7,6.0,DERSK,09-06 11:15,12
247405,2023-09-06 08:57:19,211833390,54.14077,11.34187,66.8,17.9,67,0,9865685,NILS HOLGERSSON,DKLZ2,70,49,180,24,7,6.0,DERSK,09-06 11:15,12
247410,2023-09-06 09:02:19,211833390,54.1506,11.38101,67.0,17.9,67,0,9865685,NILS HOLGERSSON,DKLZ2,70,49,180,24,7,6.0,DERSK,09-06 11:15,12
247414,2023-09-06 09:07:18,211833390,54.16022,11.41984,67.4,17.8,67,0,9865685,NILS HOLGERSSON,DKLZ2,70,49,180,24,7,6.0,DERSK,09-06 11:15,12
247419,2023-09-06 09:12:18,211833390,54.16972,11.45868,67.4,17.7,67,0,9865685,NILS HOLGERSSON,DKLZ2,70,49,180,24,7,6.0,DERSK,09-06 11:15,12
247426,2023-09-06 09:17:25,211833390,54.17936,11.49823,67.4,17.7,67,0,9865685,NILS HOLGERSSON,DKLZ2,70,49,180,24,7,6.0,DERSK,09-06 11:15,12
247431,2023-09-06 09:22:25,211833390,54.18883,11.53695,66.5,17.7,66,0,9865685,NILS HOLGERSSON,DKLZ2,70,49,180,24,7,6.0,DERSK,09-06 11:15,12
247435,2023-09-06 09:27:25,211833390,54.19952,11.57453,63.9,17.7,63,0,9865685,NILS HOLGERSSON,DKLZ2,70,49,180,24,7,6.0,DERSK,09-06 11:15,12
247440,2023-09-06 09:32:25,211833390,54.20967,11.61292,74.5,17.7,75,0,9865685,NILS HOLGERSSON,DKLZ2,70,49,180,24,7,6.0,DERSK,09-06 11:15,12
247443,2023-09-06 09:37:25,211833390,54.21538,11.65408,77.6,17.9,77,0,9865685,NILS HOLGERSSON,DKLZ2,70,49,180,24,7,6.0,DERSK,09-06 11:15,12
247448,2023-09-06 09:42:18,211833390,54.22063,11.6945,77.5,17.9,77,0,9865685,NILS HOLGERSSON,DKLZ2,70,49,180,24,7,6.0,DERSK,09-06 11:15,12
247456,2023-09-06 09:47:31,211833390,54.22627,11.73782,77.4,18.0,77,0,9865685,NILS HOLGERSSON,DKLZ2,70,49,180,24,7,6.0,DERSK,09-06 11:15,12
247460,2023-09-06 09:52:36,211833390,54.23197,11.78012,77.0,18.0,76,0,9865685,NILS HOLGERSSON,DKLZ2,70,49,180,24,7,6.0,DERSK,09-06 11:15,12
247466,2023-09-06 09:57:36,211833390,54.23741,11.82156,77.9,17.8,77,0,9865685,NILS HOLGERSSON,DKLZ2,70,49,180,24,7,6.0,DERSK,09-06 11:15,12
247470,2023-09-06 10:02:37,211833390,54.24262,11.86298,77.9,17.8,76,0,9865685,NILS HOLGERSSON,DKLZ2,70,49,180,24,7,6.0,DERSK,09-06 11:15,12
247476,2023-09-06 10:07:39,211833390,54.24772,11.90472,81.4,17.5,81,0,9865685,NILS HOLGERSSON,DKLZ2,70,49,180,24,7,6.0,DERSK,09-06 11:15,12
247480,2023-09-06 10:12:36,211833390,54.24571,11.94915,96.7,20.1,95,0,9865685,NILS HOLGERSSON,DKLZ2,70,49,180,24,7,6.0,DERSK,09-06 11:15,12
247484,2023-09-06 10:17:37,211833390,54.23555,11.99288,115.2,19.7,112,0,9865685,NILS HOLGERSSON,DKLZ2,70,49,180,24,7,6.0,DERSK,09-06 11:15,12
247491,2023-09-06 10:22:42,211833390,54.22409,12.03456,114.9,18.6,113,0,9865685,NILS HOLGERSSON,DKLZ2,70,49,180,24,7,6.0,DERSK,09-06 11:15,12
247496,2023-09-06 10:27:42,211833390,54.21101,12.07212,131.4,17.2,130,0,9865685,NILS HOLGERSSON,DKLZ2,70,49,180,24,7,6.0,DERSK,09-06 11:15,12
247501,2023-09-06 10:32:43,211833390,54.19223,12.08629,159.2,10.4,157,0,9865685,NILS HOLGERSSON,DKLZ2,70,49,180,24,7,6.0,DERSK,09-06 11:15,12
247503,2023-09-06 10:37:27,211833390,54.18208,12.09216,161.9,7.5,161,0,9865685,NILS HOLGERSSON,DKLZ2,70,49,180,24,7,6.0,DERSK,09-06 11:15,12
247508,2023-09-06 10:42:37,211833390,54.17202,12.09762,162.0,7.3,161,0,9865685,NILS HOLGERSSON,DKLZ2,70,49,180,24,7,6.0,DERSK,09-06 11:15,12
247514,2023-09-06 10:47:47,211833390,54.16185,12.10297,176.8,7.0,178,0,9865685,NILS HOLGERSSON,DKLZ2,70,49,180,24,7,6.0,DERSK,09-06 11:15,12
247521,2023-09-06 10:52:51,211833390,54.15531,12.09985,200.2,1.8,230,0,9865685,NILS HOLGERSSON,DKLZ2,70,49,180,24,7,6.0,DERSK,09-06 11:15,12
247524,2023-09-06 10:57:47,211833390,54.15493,12.10107,152.3,2.4,343,0,9865685,NILS HOLGERSSON,DKLZ2,70,49,180,24,7,6.0,DERSK,09-06 11:15,12
247529,2023-09-06 11:02:47,211833390,54.15127,12.102,205.0,1.4,355,0,9865685,NILS HOLGERSSON,DKLZ2,70,49,180,24,7,6.0,DERSK,09-06 11:15,12
247533,2023-09-06 11:07:47,211833390,54.15095,12.10167,259.7,0.0,353,0,9865685,NILS HOLGERSSON,DKLZ2,70,49,180,24,7,6.0,DERSK,09-06 11:15,12
248752,2023-09-07 07:31:36,211833390,53.944,10.86275,346.1,8.0,344,0,9865685,NILS HOLGERSSON,DKLZ2,70,49,180,24,7,5.9,DERSK,09-07 11:15,13
248758,2023-09-07 07:36:46,211833390,53.9536,10.86624,47.1,7.1,48,0,9865685,NILS HOLGERSSON,DKLZ2,70,49,180,24,7,5.9,DERSK,09-07 11:15,13
248763,2023-09-07 07:41:44,211833390,53.9589,10.88036,71.1,7.4,70,0,9865685,NILS HOLGERSSON,DKLZ2,70,49,180,24,7,5.9,DERSK,09-07 11:15,13
248767,2023-09-07 07:46:44,211833390,53.96519,10.89602,37.3,10.6,35,0,9865685,NILS HOLGERSSON,DKLZ2,70,49,180,24,7,5.9,DERSK,09-07 11:15,13
248773,2023-09-07 07:51:49,211833390,53.97906,10.91525,50.1,14.1,50,0,9865685,NILS HOLGERSSON,DKLZ2,70,49,180,24,7,5.9,DERSK,09-07 11:15,13
248777,2023-09-07 07:56:51,211833390,53.99032,10.93767,27.3,6.9,22,0,9865685,NILS HOLGERSSON,DKLZ2,70,49,180,24,7,5.9,DERSK,09-07 11:15,13
248783,2023-09-07 08:01:50,211833390,54.00261,10.94682,50.2,15.7,50,0,9865685,NILS HOLGERSSON,DKLZ2,70,49,180,24,7,5.9,DERSK,09-07 11:15,13
248787,2023-09-07 08:06:49,211833390,54.01548,10.98421,60.2,19.7,59,0,9865685,NILS HOLGERSSON,DKLZ2,70,49,180,24,7,5.9,DERSK,09-07 11:15,13
248791,2023-09-07 08:11:49,211833390,54.02931,11.02547,60.3,20.5,59,0,9865685,NILS HOLGERSSON,DKLZ2,70,49,180,24,7,5.9,DERSK,09-07 11:15,13
248796,2023-09-07 08:16:50,211833390,54.0435,11.06732,59.5,20.2,59,0,9865685,NILS HOLGERSSON,DKLZ2,70,49,180,24,7,5.9,DERSK,09-07 11:15,13
248801,2023-09-07 08:21:43,211833390,54.05721,11.10748,59.4,20.1,58,0,9865685,NILS HOLGERSSON,DKLZ2,70,49,180,24,7,5.9,DERSK,09-07 11:15,13
248806,2023-09-07 08:26:50,211833390,54.0719,11.14878,57.4,20.1,57,0,9865685,NILS HOLGERSSON,DKLZ2,70,49,180,24,7,5.9,DERSK,09-07 11:15,13
248814,2023-09-07 08:31:55,211833390,54.08747,11.18949,56.6,20.2,56,0,9865685,NILS HOLGERSSON,DKLZ2,70,49,180,24,7,5.9,DERSK,09-07 11:15,13
248818,2023-09-07 08:36:55,211833390,54.10289,11.22948,57.0,20.2,57,0,9865685,NILS HOLGERSSON,DKLZ2,70,49,180,24,7,5.9,DERSK,09-07 11:15,13
248823,2023-09-07 08:41:55,211833390,54.11829,11.26945,58.0,20.1,58,0,9865685,NILS HOLGERSSON,DKLZ2,70,49,180,24,7,5.9,DERSK,09-07 11:15,13
248828,2023-09-07 08:46:55,211833390,54.13269,11.31023,62.1,20.1,61,0,9865685,NILS HOLGERSSON,DKLZ2,70,49,180,24,7,5.9,DERSK,09-07 11:15,13
248833,2023-09-07 08:51:55,211833390,54.14432,11.35307,67.6,20.1,67,0,9865685,NILS HOLGERSSON,DKLZ2,70,49,180,24,7,5.9,DERSK,09-07 11:15,13
248836,2023-09-07 08:56:55,211833390,54.15502,11.39668,67.3,19.9,66,0,9865685,NILS HOLGERSSON,DKLZ2,70,49,180,24,7,5.9,DERSK,09-07 11:15,13
248841,2023-09-07 09:01:55,211833390,54.16575,11.43995,67.1,19.8,66,0,9865685,NILS HOLGERSSON,DKLZ2,70,49,180,24,7,5.9,DERSK,09-07 11:15,13
248849,2023-09-07 09:07:01,211833390,54.17671,11.4842,67.4,20.0,67,0,9865685,NILS HOLGERSSON,DKLZ2,70,49,180,24,7,5.9,DERSK,09-07 11:15,13
248853,2023-09-07 09:12:01,211833390,54.18748,11.52784,67.2,19.9,67,0,9865685,NILS HOLGERSSON,DKLZ2,70,49,180,24,7,5.9,DERSK,09-07 11:15,13
248858,2023-09-07 09:17:01,211833390,54.1983,11.57175,67.5,20.2,68,0,9865685,NILS HOLGERSSON,DKLZ2,70,49,180,24,7,5.9,DERSK,09-07 11:15,13
248862,2023-09-07 09:22:02,211833390,54.20755,11.61706,79.6,20.1,80,0,9865685,NILS HOLGERSSON,DKLZ2,70,49,180,24,7,5.9,DERSK,09-07 11:15,13
248867,2023-09-07 09:27:01,211833390,54.21257,11.66416,78.1,20.3,78,0,9865685,NILS HOLGERSSON,DKLZ2,70,49,180,24,7,5.9,DERSK,09-07 11:15,13
248874,2023-09-07 09:32:07,211833390,54.21894,11.71214,76.2,20.3,76,0,9865685,NILS HOLGERSSON,DKLZ2,70,49,180,24,7,5.9,DERSK,09-07 11:15,13
248878,2023-09-07 09:37:07,211833390,54.22562,11.7591,76.7,20.4,76,0,9865685,NILS HOLGERSSON,DKLZ2,70,49,180,24,7,5.9,DERSK,09-07 11:15,13
248884,2023-09-07 09:42:07,211833390,54.23133,11.80641,79.9,20.4,78,0,9865685,NILS HOLGERSSON,DKLZ2,70,49,180,24,7,5.9,DERSK,09-07 11:15,13
248888,2023-09-07 09:47:07,211833390,54.23719,11.85356,76.9,19.9,76,0,9865685,NILS HOLGERSSON,DKLZ2,70,49,180,24,7,5.9,DERSK,09-07 11:15,13
248894,2023-09-07 09:52:08,211833390,54.24335,11.89757,75.8,18.7,75,0,9865685,NILS HOLGERSSON,DKLZ2,70,49,180,24,7,5.9,DERSK,09-07 11:15,13
248898,2023-09-07 09:57:07,211833390,54.24715,11.9399,92.7,16.2,92,0,9865685,NILS HOLGERSSON,DKLZ2,70,49,180,24,7,5.9,DERSK,09-07 11:15,13
248902,2023-09-07 10:02:07,211833390,54.24251,11.97575,111.9,13.6,110,0,9865685,NILS HOLGERSSON,DKLZ2,70,49,180,24,7,5.9,DERSK,09-07 11:15,13
248908,2023-09-07 10:07:07,211833390,54.23721,11.9957,116.5,10.1,113,0,9865685,NILS HOLGERSSON,DKLZ2,70,49,180,24,7,5.9,DERSK,09-07 11:15,13
248914,2023-09-07 10:12:13,211833390,54.22845,12.02662,115.4,16.3,113,0,9865685,NILS HOLGERSSON,DKLZ2,70,49,180,24,7,5.9,DERSK,09-07 11:15,13
248917,2023-09-07 10:17:15,211833390,54.21771,12.06193,130.0,16.8,129,0,9865685,NILS HOLGERSSON,DKLZ2,70,49,180,24,7,5.9,DERSK,09-07 11:15,13
248924,2023-09-07 10:22:19,211833390,54.19927,12.0822,160.5,13.4,159,0,9865685,NILS HOLGERSSON,DKLZ2,70,49,180,24,7,5.9,DERSK,09-07 11:15,13
248927,2023-09-07 10:27:15,211833390,54.1856,12.09037,162.0,7.2,161,0,9865685,NILS HOLGERSSON,DKLZ2,70,49,180,24,7,5.9,DERSK,09-07 11:15,13
248931,2023-09-07 10:32:15,211833390,54.17622,12.0955,162.5,7.5,162,0,9865685,NILS HOLGERSSON,DKLZ2,70,49,180,24,7,5.9,DERSK,09-07 11:15,13
248938,2023-09-07 10:37:15,211833390,54.16666,12.10067,162.7,6.9,162,0,9865685,NILS HOLGERSSON,DKLZ2,70,49,180,24,7,5.9,DERSK,09-07 11:15,13
248941,2023-09-07 10:42:15,211833390,54.15803,12.10199,193.4,5.6,194,0,9865685,NILS HOLGERSSON,DKLZ2,70,49,180,24,7,5.9,DERSK,09-07 11:15,13
248949,2023-09-07 10:47:24,211833390,54.15493,12.099,355.3,1.0,266,0,9865685,NILS HOLGERSSON,DKLZ2,70,49,180,24,7,5.9,DERSK,09-07 11:15,13
248951,2023-09-07 10:52:14,211833390,54.15352,12.10205,171.0,2.9,355,0,9865685,NILS HOLGERSSON,DKLZ2,70,49,180,24,7,5.9,DERSK,09-07 11:15,13
248958,2023-09-07 10:57:25,211833390,54.15104,12.10176,249.7,0.2,352,0,9865685,NILS HOLGERSSON,DKLZ2,70,49,180,24,7,5.9,DERSK,09-07 11:15,13
248962,2023-09-07 11:02:25,211833390,54.15095,12.10173,170.7,0.0,352,0,9865685,NILS HOLGERSSON,DKLZ2,70,49,180,24,7,5.9,DERSK,09-07 11:15,13
255862,2023-09-12 07:41:16,211833390,53.94335,10.86287,347.7,6.6,345,0,9865685,NILS HOLGERSSON,DKLZ2,70,49,180,24,7,6.0,DE TRV,09-12 05:30,14
255869,2023-09-12 07:46:24,211833390,53.95305,10.86514,43.1,6.8,44,0,9865685,NILS HOLGERSSON,DKLZ2,70,49,180,24,7,6.0,DE TRV,09-12 05:30,14
255872,2023-09-12 07:51:17,211833390,53.95776,10.87565,65.5,6.2,66,0,9865685,NILS HOLGERSSON,DKLZ2,70,49,180,24,7,6.0,DE TRV,09-12 05:30,14
255879,2023-09-12 07:56:26,211833390,53.96242,10.89186,47.0,8.8,45,0,9865685,NILS HOLGERSSON,DKLZ2,70,49,180,24,7,6.0,DE TRV,09-12 05:30,14
255882,2023-09-12 08:01:27,211833390,53.97519,10.90857,36.5,13.9,36,0,9865685,NILS HOLGERSSON,DKLZ2,70,49,180,24,7,6.0,DE TRV,09-12 05:30,14
255887,2023-09-12 08:06:28,211833390,53.98725,10.93316,52.8,9.6,53,0,9865685,NILS HOLGERSSON,DKLZ2,70,49,180,24,7,6.0,DE TRV,09-12 05:30,14
255892,2023-09-12 08:11:26,211833390,53.99435,10.94907,52.9,9.9,52,0,9865685,NILS HOLGERSSON,DKLZ2,70,49,180,24,7,6.0,DE TRV,09-12 05:30,14
255896,2023-09-12 08:16:27,211833390,54.00514,10.97763,58.4,16.6,58,0,9865685,NILS HOLGERSSON,DKLZ2,70,49,180,24,7,6.0,DE TRV,09-12 05:30,14
255902,2023-09-12 08:21:26,211833390,54.0185,11.0142,55.9,19.8,54,0,9865685,NILS HOLGERSSON,DKLZ2,70,49,180,24,7,6.0,DE TRV,09-12 05:30,14
255910,2023-09-12 08:26:33,211833390,54.03469,11.05474,55.8,20.6,55,0,9865685,NILS HOLGERSSON,DKLZ2,70,49,180,24,7,6.0,DE TRV,09-12 05:30,14
255912,2023-09-12 08:31:32,211833390,54.05112,11.09512,55.6,20.9,56,0,9865685,NILS HOLGERSSON,DKLZ2,70,49,180,24,7,6.0,DE TRV,09-12 05:30,14
255919,2023-09-12 08:36:32,211833390,54.06699,11.13583,56.9,20.5,57,0,9865685,NILS HOLGERSSON,DKLZ2,70,49,180,24,7,6.0,DE TRV,09-12 05:30,14
255924,2023-09-12 08:41:33,211833390,54.08254,11.17628,56.8,20.3,56,0,9865685,NILS HOLGERSSON,DKLZ2,70,49,180,24,7,6.0,DE TRV,09-12 05:30,14
255928,2023-09-12 08:46:32,211833390,54.09808,11.21673,56.8,20.5,56,0,9865685,NILS HOLGERSSON,DKLZ2,70,49,180,24,7,6.0,DE TRV,09-12 05:30,14
255932,2023-09-12 08:51:32,211833390,54.11371,11.25741,56.6,20.7,56,0,9865685,NILS HOLGERSSON,DKLZ2,70,49,180,24,7,6.0,DE TRV,09-12 05:30,14
255939,2023-09-12 08:56:38,211833390,54.12972,11.29902,56.7,20.5,55,0,9865685,NILS HOLGERSSON,DKLZ2,70,49,180,24,7,6.0,DE TRV,09-12 05:30,14
255942,2023-09-12 09:01:32,211833390,54.1415,11.3418,67.1,20.5,65,0,9865685,NILS HOLGERSSON,DKLZ2,70,49,180,24,7,6.0,DE TRV,09-12 05:30,14
255947,2023-09-12 09:06:32,211833390,54.15264,11.38684,66.9,20.7,65,0,9865685,NILS HOLGERSSON,DKLZ2,70,49,180,24,7,6.0,DE TRV,09-12 05:30,14
255954,2023-09-12 09:11:39,211833390,54.1641,11.4331,67.2,20.7,66,0,9865685,NILS HOLGERSSON,DKLZ2,70,49,180,24,7,6.0,DE TRV,09-12 05:30,14
255957,2023-09-12 09:16:33,211833390,54.17504,11.4774,67.0,20.6,67,0,9865685,NILS HOLGERSSON,DKLZ2,70,49,180,24,7,6.0,DE TRV,09-12 05:30,14
255962,2023-09-12 09:21:39,211833390,54.18639,11.52341,67.3,20.6,68,0,9865685,NILS HOLGERSSON,DKLZ2,70,49,180,24,7,6.0,DE TRV,09-12 05:30,14
255967,2023-09-12 09:26:38,211833390,54.19739,11.5682,67.3,20.5,68,0,9865685,NILS HOLGERSSON,DKLZ2,70,49,180,24,7,6.0,DE TRV,09-12 05:30,14
255975,2023-09-12 09:31:44,211833390,54.20634,11.6147,76.8,20.3,77,0,9865685,NILS HOLGERSSON,DKLZ2,70,49,180,24,7,6.0,DE TRV,09-12 05:30,14
255978,2023-09-12 09:36:44,211833390,54.21256,11.66202,77.5,20.4,77,0,9865685,NILS HOLGERSSON,DKLZ2,70,49,180,24,7,6.0,DE TRV,09-12 05:30,14
255984,2023-09-12 09:41:44,211833390,54.2187,11.70923,77.6,20.4,77,0,9865685,NILS HOLGERSSON,DKLZ2,70,49,180,24,7,6.0,DE TRV,09-12 05:30,14
255988,2023-09-12 09:46:44,211833390,54.22483,11.7564,77.4,20.4,76,0,9865685,NILS HOLGERSSON,DKLZ2,70,49,180,24,7,6.0,DE TRV,09-12 05:30,14
255994,2023-09-12 09:51:45,211833390,54.23111,11.80368,76.8,20.2,76,0,9865685,NILS HOLGERSSON,DKLZ2,70,49,180,24,7,6.0,DE TRV,09-12 05:30,14
255997,2023-09-12 09:56:45,211833390,54.23776,11.85002,75.7,20.0,76,0,9865685,NILS HOLGERSSON,DKLZ2,70,49,180,24,7,6.0,DE TRV,09-12 05:30,14
256003,2023-09-12 10:01:50,211833390,54.24478,11.89687,77.1,19.4,77,0,9865685,NILS HOLGERSSON,DKLZ2,70,49,180,24,7,6.0,DE TRV,09-12 05:30,14
256005,2023-09-12 10:06:44,211833390,54.2477,11.94248,94.4,20.1,95,0,9865685,NILS HOLGERSSON,DKLZ2,70,49,180,24,7,6.0,DE TRV,09-12 05:30,14
256010,2023-09-12 10:11:45,211833390,54.24028,11.98821,115.7,19.6,115,0,9865685,NILS HOLGERSSON,DKLZ2,70,49,180,24,7,6.0,DE TRV,09-12 05:30,14
256016,2023-09-12 10:16:50,211833390,54.22951,12.02487,121.4,11.6,120,0,9865685,NILS HOLGERSSON,DKLZ2,70,49,180,24,7,6.0,DE TRV,09-12 05:30,14
256021,2023-09-12 10:21:47,211833390,54.22111,12.04301,127.8,11.5,125,0,9865685,NILS HOLGERSSON,DKLZ2,70,49,180,24,7,6.0,DE TRV,09-12 05:30,14
256027,2023-09-12 10:26:54,211833390,54.20979,12.0714,128.6,14.8,127,0,9865685,NILS HOLGERSSON,DKLZ2,70,49,180,24,7,6.0,DE TRV,09-12 05:30,14
256032,2023-09-12 10:31:56,211833390,54.19351,12.0858,159.2,10.2,158,0,9865685,NILS HOLGERSSON,DKLZ2,70,49,180,24,7,6.0,DE TRV,09-12 05:30,14
256036,2023-09-12 10:36:56,211833390,54.18264,12.09228,162.1,6.9,163,0,9865685,NILS HOLGERSSON,DKLZ2,70,49,180,24,7,6.0,DE TRV,09-12 05:30,14
256039,2023-09-12 10:41:57,211833390,54.17357,12.09678,162.4,6.8,162,0,9865685,NILS HOLGERSSON,DKLZ2,70,49,180,24,7,6.0,DE TRV,09-12 05:30,14
256045,2023-09-12 10:46:57,211833390,54.16394,12.1022,166.2,7.0,167,0,9865685,NILS HOLGERSSON,DKLZ2,70,49,180,24,7,6.0,DE TRV,09-12 05:30,14
256048,2023-09-12 10:51:56,211833390,54.15656,12.10137,205.2,3.6,209,0,9865685,NILS HOLGERSSON,DKLZ2,70,49,180,24,7,6.0,DE TRV,09-12 05:30,14
256055,2023-09-12 10:57:00,211833390,54.15577,12.10019,73.1,1.9,329,0,9865685,NILS HOLGERSSON,DKLZ2,70,49,180,24,7,6.0,DE TRV,09-12 05:30,14
256058,2023-09-12 11:01:59,211833390,54.15279,12.10226,179.8,2.1,358,0,9865685,NILS HOLGERSSON,DKLZ2,70,49,180,24,7,6.0,DE TRV,09-12 05:30,14
256064,2023-09-12 11:06:57,211833390,54.15119,12.10171,200.4,0.1,352,0,9865685,NILS HOLGERSSON,DKLZ2,70,49,180,24,7,6.0,DE TRV,09-12 05:30,14
256067,2023-09-12 11:11:56,211833390,54.15097,12.10168,203.9,0.0,352,0,9865685,NILS HOLGERSSON,DKLZ2,70,49,180,24,7,6.0,DE TRV,09-12 05:30,14
257270,2023-09-13 07:45:23,211833390,53.94463,10.86237,345.8,6.4,344,0,9865685,NILS HOLGERSSON,DKLZ2,70,49,180,24,7,6.0,DERSK,09-13 11:15,15
257275,2023-09-13 07:50:22,211833390,53.95304,10.86534,44.2,7.0,44,0,9865685,NILS HOLGERSSON,DKLZ2,70,49,180,24,7,6.0,DERSK,09-13 11:15,15
257280,2023-09-13 07:55:22,211833390,53.95861,10.87929,69.1,7.2,67,0,9865685,NILS HOLGERSSON,DKLZ2,70,49,180,24,7,6.0,DERSK,09-13 11:15,15
257285,2023-09-13 08:00:22,211833390,53.96417,10.89482,40.7,10.3,36,0,9865685,NILS HOLGERSSON,DKLZ2,70,49,180,24,7,6.0,DERSK,09-13 11:15,15
257292,2023-09-13 08:05:31,211833390,53.97959,10.9134,33.3,12.6,31,0,9865685,NILS HOLGERSSON,DKLZ2,70,49,180,24,7,6.0,DERSK,09-13 11:15,15
257296,2023-09-13 08:10:29,211833390,53.98468,10.93015,75.4,11.5,69,0,9865685,NILS HOLGERSSON,DKLZ2,70,49,180,24,7,6.0,DERSK,09-13 11:15,15
257302,2023-09-13 08:15:34,211833390,53.99702,10.96064,52.5,17.3,50,0,9865685,NILS HOLGERSSON,DKLZ2,70,49,180,24,7,6.0,DERSK,09-13 11:15,15
257306,2023-09-13 08:20:34,211833390,54.01286,10.99266,52.1,18.9,50,0,9865685,NILS HOLGERSSON,DKLZ2,70,49,180,24,7,6.0,DERSK,09-13 11:15,15
257311,2023-09-13 08:25:34,211833390,54.02764,11.03176,58.1,20.0,55,0,9865685,NILS HOLGERSSON,DKLZ2,70,49,180,24,7,6.0,DERSK,09-13 11:15,15
257316,2023-09-13 08:30:34,211833390,54.04291,11.07363,58.1,21.2,56,0,9865685,NILS HOLGERSSON,DKLZ2,70,49,180,24,7,6.0,DERSK,09-13 11:15,15
257319,2023-09-13 08:35:34,211833390,54.05901,11.11536,55.8,21.0,54,0,9865685,NILS HOLGERSSON,DKLZ2,70,49,180,24,7,6.0,DERSK,09-13 11:15,15
257325,2023-09-13 08:40:34,211833390,54.07547,11.15648,57.2,21.0,56,0,9865685,NILS HOLGERSSON,DKLZ2,70,49,180,24,7,6.0,DERSK,09-13 11:15,15
257329,2023-09-13 08:45:28,211833390,54.09087,11.19768,57.6,21.2,55,0,9865685,NILS HOLGERSSON,DKLZ2,70,49,180,24,7,6.0,DERSK,09-13 11:15,15
257336,2023-09-13 08:50:40,211833390,54.10739,11.24207,57.2,21.5,55,0,9865685,NILS HOLGERSSON,DKLZ2,70,49,180,24,7,6.0,DERSK,09-13 11:15,15
257341,2023-09-13 08:55:40,211833390,54.12342,11.28491,57.7,21.4,55,0,9865685,NILS HOLGERSSON,DKLZ2,70,49,180,24,7,6.0,DERSK,09-13 11:15,15
257348,2023-09-13 09:00:43,211833390,54.13751,11.32912,67.0,21.3,63,0,9865685,NILS HOLGERSSON,DKLZ2,70,49,180,24,7,6.0,DERSK,09-13 11:15,15
257350,2023-09-13 09:05:41,211833390,54.14901,11.37594,67.3,21.6,63,0,9865685,NILS HOLGERSSON,DKLZ2,70,49,180,24,7,6.0,DERSK,09-13 11:15,15
257355,2023-09-13 09:10:44,211833390,54.16062,11.42273,66.7,21.5,63,0,9865685,NILS HOLGERSSON,DKLZ2,70,49,180,24,7,6.0,DERSK,09-13 11:15,15
257359,2023-09-13 09:15:40,211833390,54.17257,11.46967,66.1,21.5,64,0,9865685,NILS HOLGERSSON,DKLZ2,70,49,180,24,7,6.0,DERSK,09-13 11:15,15
257364,2023-09-13 09:20:40,211833390,54.18473,11.5163,66.1,21.6,64,0,9865685,NILS HOLGERSSON,DKLZ2,70,49,180,24,7,6.0,DERSK,09-13 11:15,15
257370,2023-09-13 09:25:40,211833390,54.19622,11.56325,68.2,21.7,66,0,9865685,NILS HOLGERSSON,DKLZ2,70,49,180,24,7,6.0,DERSK,09-13 11:15,15
257375,2023-09-13 09:30:40,211833390,54.20577,11.61181,78.5,21.8,76,0,9865685,NILS HOLGERSSON,DKLZ2,70,49,180,24,7,6.0,DERSK,09-13 11:15,15
257380,2023-09-13 09:35:28,211833390,54.2121,11.66055,77.3,22.1,75,0,9865685,NILS HOLGERSSON,DKLZ2,70,49,180,24,7,6.0,DERSK,09-13 11:15,15
257385,2023-09-13 09:40:40,211833390,54.21909,11.71354,77.0,22.0,75,0,9865685,NILS HOLGERSSON,DKLZ2,70,49,180,24,7,6.0,DERSK,09-13 11:15,15
257393,2023-09-13 09:45:52,211833390,54.22629,11.76589,76.9,21.6,76,0,9865685,NILS HOLGERSSON,DKLZ2,70,49,180,24,7,6.0,DERSK,09-13 11:15,15
257396,2023-09-13 09:50:52,211833390,54.23287,11.81521,77.2,21.1,76,0,9865685,NILS HOLGERSSON,DKLZ2,70,49,180,24,7,6.0,DERSK,09-13 11:15,15
257399,2023-09-13 09:55:52,211833390,54.23948,11.86386,77.0,20.8,75,0,9865685,NILS HOLGERSSON,DKLZ2,70,49,180,24,7,6.0,DERSK,09-13 11:15,15
257404,2023-09-13 10:00:46,211833390,54.24447,11.91088,81.7,20.4,80,0,9865685,NILS HOLGERSSON,DKLZ2,70,49,180,24,7,6.0,DERSK,09-13 11:15,15
257411,2023-09-13 10:05:53,211833390,54.24706,11.95962,87.1,20.3,85,0,9865685,NILS HOLGERSSON,DKLZ2,70,49,180,24,7,6.0,DERSK,09-13 11:15,15
257416,2023-09-13 10:10:56,211833390,54.2463,12.00746,113.1,18.5,113,0,9865685,NILS HOLGERSSON,DKLZ2,70,49,180,24,7,6.0,DERSK,09-13 11:15,15
257420,2023-09-13 10:15:58,211833390,54.23676,12.03375,121.1,7.4,114,0,9865685,NILS HOLGERSSON,DKLZ2,70,49,180,24,7,6.0,DERSK,09-13 11:15,15
257425,2023-09-13 10:20:56,211833390,54.22756,12.05679,132.2,14.8,129,0,9865685,NILS HOLGERSSON,DKLZ2,70,49,180,24,7,6.0,DERSK,09-13 11:15,15
257430,2023-09-13 10:25:56,211833390,54.21154,12.07489,160.3,12.4,158,0,9865685,NILS HOLGERSSON,DKLZ2,70,49,180,24,7,6.0,DERSK,09-13 11:15,15
257433,2023-09-13 10:30:55,211833390,54.19593,12.08442,163.4,10.4,163,0,9865685,NILS HOLGERSSON,DKLZ2,70,49,180,24,7,6.0,DERSK,09-13 11:15,15
257439,2023-09-13 10:35:54,211833390,54.18528,12.09048,160.7,6.9,160,0,9865685,NILS HOLGERSSON,DKLZ2,70,49,180,24,7,6.0,DERSK,09-13 11:15,15
257443,2023-09-13 10:40:53,211833390,54.1762,12.09556,162.6,6.8,162,0,9865685,NILS HOLGERSSON,DKLZ2,70,49,180,24,7,6.0,DERSK,09-13 11:15,15
257449,2023-09-13 10:46:04,211833390,54.16667,12.1008,162.9,6.9,163,0,9865685,NILS HOLGERSSON,DKLZ2,70,49,180,24,7,6.0,DERSK,09-13 11:15,15
257456,2023-09-13 10:51:05,211833390,54.15802,12.10219,205.1,4.3,206,0,9865685,NILS HOLGERSSON,DKLZ2,70,49,180,24,7,6.0,DERSK,09-13 11:15,15
257458,2023-09-13 10:56:05,211833390,54.15526,12.09939,281.4,0.4,254,0,9865685,NILS HOLGERSSON,DKLZ2,70,49,180,24,7,6.0,DERSK,09-13 11:15,15
257463,2023-09-13 11:01:04,211833390,54.15438,12.10161,150.9,2.7,347,0,9865685,NILS HOLGERSSON,DKLZ2,70,49,180,24,7,6.0,DERSK,09-13 11:15,15
257470,2023-09-13 11:06:04,211833390,54.15207,12.10215,180.7,1.1,358,0,9865685,NILS HOLGERSSON,DKLZ2,70,49,180,24,7,6.0,DERSK,09-13 11:15,15
257474,2023-09-13 11:11:04,211833390,54.151,12.10171,218.4,0.1,352,0,9865685,NILS HOLGERSSON,DKLZ2,70,49,180,24,7,6.0,DERSK,09-13 11:15,15
257478,2023-09-13 11:16:04,211833390,54.15096,12.10169,173.7,0.0,353,0,9865685,NILS HOLGERSSON,DKLZ2,70,49,180,24,7,6.0,DERSK,09-13 11:15,15
258669,2023-09-14 07:34:27,211833390,53.93991,10.86278,48.3,1.3,30,0,9865685,NILS HOLGERSSON,DKLZ2,70,49,180,24,7,5.8,DERSK,09-14 11:15,16
258675,2023-09-14 07:39:28,211833390,53.94604,10.86196,345.9,6.0,343,0,9865685,NILS HOLGERSSON,DKLZ2,70,49,180,24,7,5.8,DERSK,09-14 11:15,16
258679,2023-09-14 07:44:28,211833390,53.95077,10.86245,50.0,0.4,32,0,9865685,NILS HOLGERSSON,DKLZ2,70,49,180,24,7,5.8,DERSK,09-14 11:15,16
258683,2023-09-14 07:49:28,211833390,53.95554,10.87019,48.1,5.6,46,0,9865685,NILS HOLGERSSON,DKLZ2,70,49,180,24,7,5.8,DERSK,09-14 11:15,16
258691,2023-09-14 07:54:38,211833390,53.95927,10.88241,69.3,6.8,67,0,9865685,NILS HOLGERSSON,DKLZ2,70,49,180,24,7,5.8,DERSK,09-14 11:15,16
258696,2023-09-14 07:59:37,211833390,53.96695,10.89835,37.3,12.6,36,0,9865685,NILS HOLGERSSON,DKLZ2,70,49,180,24,7,5.8,DERSK,09-14 11:15,16
258701,2023-09-14 08:04:37,211833390,53.9819,10.91837,45.5,13.2,44,0,9865685,NILS HOLGERSSON,DKLZ2,70,49,180,24,7,5.8,DERSK,09-14 11:15,16
258704,2023-09-14 08:09:35,211833390,53.99076,10.93842,62.2,9.7,59,0,9865685,NILS HOLGERSSON,DKLZ2,70,49,180,24,7,5.8,DERSK,09-14 11:15,16
258712,2023-09-14 08:14:39,211833390,54.00268,10.96594,52.3,16.6,50,0,9865685,NILS HOLGERSSON,DKLZ2,70,49,180,24,7,5.8,DERSK,09-14 11:15,16
258715,2023-09-14 08:19:39,211833390,54.01716,10.99745,51.9,18.5,50,0,9865685,NILS HOLGERSSON,DKLZ2,70,49,180,24,7,5.8,DERSK,09-14 11:15,16
258721,2023-09-14 08:24:39,211833390,54.033,11.03626,62.9,20.8,62,0,9865685,NILS HOLGERSSON,DKLZ2,70,49,180,24,7,5.8,DERSK,09-14 11:15,16
258727,2023-09-14 08:29:39,211833390,54.04499,11.08128,66.9,21.0,66,0,9865685,NILS HOLGERSSON,DKLZ2,70,49,180,24,7,5.8,DERSK,09-14 11:15,16
258729,2023-09-14 08:34:39,211833390,54.05844,11.12492,58.0,20.8,57,0,9865685,NILS HOLGERSSON,DKLZ2,70,49,180,24,7,5.8,DERSK,09-14 11:15,16
258737,2023-09-14 08:39:45,211833390,54.07445,11.16634,55.8,20.5,55,0,9865685,NILS HOLGERSSON,DKLZ2,70,49,180,24,7,5.8,DERSK,09-14 11:15,16
258742,2023-09-14 08:44:45,211833390,54.09051,11.20669,56.0,20.8,54,0,9865685,NILS HOLGERSSON,DKLZ2,70,49,180,24,7,5.8,DERSK,09-14 11:15,16
258746,2023-09-14 08:49:45,211833390,54.10655,11.24765,56.5,20.7,54,0,9865685,NILS HOLGERSSON,DKLZ2,70,49,180,24,7,5.8,DERSK,09-14 11:15,16
258750,2023-09-14 08:54:45,211833390,54.12235,11.28873,57.0,20.6,55,0,9865685,NILS HOLGERSSON,DKLZ2,70,49,180,24,7,5.8,DERSK,09-14 11:15,16
258754,2023-09-14 08:59:39,211833390,54.13739,11.32907,62.4,20.7,61,0,9865685,NILS HOLGERSSON,DKLZ2,70,49,180,24,7,5.8,DERSK,09-14 11:15,16
258759,2023-09-14 09:04:39,211833390,54.14821,11.37474,68.2,21.0,66,0,9865685,NILS HOLGERSSON,DKLZ2,70,49,180,24,7,5.8,DERSK,09-14 11:15,16
258765,2023-09-14 09:09:45,211833390,54.15933,11.42211,67.8,21.1,66,0,9865685,NILS HOLGERSSON,DKLZ2,70,49,180,24,7,5.8,DERSK,09-14 11:15,16
258769,2023-09-14 09:14:46,211833390,54.17039,11.46814,67.5,20.9,67,0,9865685,NILS HOLGERSSON,DKLZ2,70,49,180,24,7,5.8,DERSK,09-14 11:15,16
258773,2023-09-14 09:19:46,211833390,54.1825,11.51269,62.5,20.7,62,0,9865685,NILS HOLGERSSON,DKLZ2,70,49,180,24,7,5.8,DERSK,09-14 11:15,16
258778,2023-09-14 09:24:46,211833390,54.19467,11.55766,65.3,21.0,65,0,9865685,NILS HOLGERSSON,DKLZ2,70,49,180,24,7,5.8,DERSK,09-14 11:15,16
258784,2023-09-14 09:29:46,211833390,54.20613,11.60352,75.6,21.0,76,0,9865685,NILS HOLGERSSON,DKLZ2,70,49,180,24,7,5.8,DERSK,09-14 11:15,16
258787,2023-09-14 09:34:40,211833390,54.21305,11.65098,75.8,21.0,75,0,9865685,NILS HOLGERSSON,DKLZ2,70,49,180,24,7,5.8,DERSK,09-14 11:15,16
258794,2023-09-14 09:39:51,211833390,54.21995,11.70112,77.1,20.9,76,0,9865685,NILS HOLGERSSON,DKLZ2,70,49,180,24,7,5.8,DERSK,09-14 11:15,16
258797,2023-09-14 09:44:46,211833390,54.22599,11.74857,78.5,20.7,78,0,9865685,NILS HOLGERSSON,DKLZ2,70,49,180,24,7,5.8,DERSK,09-14 11:15,16
258804,2023-09-14 09:49:52,211833390,54.2319,11.7973,78.3,20.4,78,0,9865685,NILS HOLGERSSON,DKLZ2,70,49,180,24,7,5.8,DERSK,09-14 11:15,16
258808,2023-09-14 09:54:52,211833390,54.23725,11.84453,79.5,20.2,79,0,9865685,NILS HOLGERSSON,DKLZ2,70,49,180,24,7,5.8,DERSK,09-14 11:15,16
258812,2023-09-14 09:59:51,211833390,54.24235,11.8913,79.4,18.9,79,0,9865685,NILS HOLGERSSON,DKLZ2,70,49,180,24,7,5.8,DERSK,09-14 11:15,16
258815,2023-09-14 10:04:51,211833390,54.24497,11.9345,86.4,18.4,85,0,9865685,NILS HOLGERSSON,DKLZ2,70,49,180,24,7,5.8,DERSK,09-14 11:15,16
258822,2023-09-14 10:09:51,211833390,54.24276,11.97745,100.6,19.0,99,0,9865685,NILS HOLGERSSON,DKLZ2,70,49,180,24,7,5.8,DERSK,09-14 11:15,16
258826,2023-09-14 10:14:57,211833390,54.23566,12.02186,112.2,18.1,110,0,9865685,NILS HOLGERSSON,DKLZ2,70,49,180,24,7,5.8,DERSK,09-14 11:15,16
258829,2023-09-14 10:19:56,211833390,54.22619,12.04529,146.2,7.8,142,0,9865685,NILS HOLGERSSON,DKLZ2,70,49,180,24,7,5.8,DERSK,09-14 11:15,16
258832,2023-09-14 10:24:53,211833390,54.2141,12.06674,132.1,15.0,130,0,9865685,NILS HOLGERSSON,DKLZ2,70,49,180,24,7,5.8,DERSK,09-14 11:15,16
258840,2023-09-14 10:30:00,211833390,54.1972,12.08339,162.2,11.5,160,0,9865685,NILS HOLGERSSON,DKLZ2,70,49,180,24,7,5.8,DERSK,09-14 11:15,16
258844,2023-09-14 10:34:59,211833390,54.18599,12.09021,161.1,7.0,161,0,9865685,NILS HOLGERSSON,DKLZ2,70,49,180,24,7,5.8,DERSK,09-14 11:15,16
258848,2023-09-14 10:40:00,211833390,54.17662,12.09538,162.6,6.6,162,0,9865685,NILS HOLGERSSON,DKLZ2,70,49,180,24,7,5.8,DERSK,09-14 11:15,16
258850,2023-09-14 10:44:59,211833390,54.16785,12.10008,162.7,7.2,162,0,9865685,NILS HOLGERSSON,DKLZ2,70,49,180,24,7,5.8,DERSK,09-14 11:15,16
258856,2023-09-14 10:49:59,211833390,54.15871,12.10283,191.6,6.1,194,0,9865685,NILS HOLGERSSON,DKLZ2,70,49,180,24,7,5.8,DERSK,09-14 11:15,16
258859,2023-09-14 10:55:02,211833390,54.15488,12.09915,345.7,1.6,266,0,9865685,NILS HOLGERSSON,DKLZ2,70,49,180,24,7,5.8,DERSK,09-14 11:15,16
258865,2023-09-14 11:00:09,211833390,54.15327,12.10216,170.4,2.8,357,0,9865685,NILS HOLGERSSON,DKLZ2,70,49,180,24,7,5.8,DERSK,09-14 11:15,16
258870,2023-09-14 11:05:09,211833390,54.15116,12.10171,191.5,0.5,352,0,9865685,NILS HOLGERSSON,DKLZ2,70,49,180,24,7,5.8,DERSK,09-14 11:15,16
258875,2023-09-14 11:10:09,211833390,54.15096,12.10167,173.2,0.0,352,0,9865685,NILS HOLGERSSON,DKLZ2,70,49,180,24,7,5.8,DERSK,09-14 11:15,16
